elapsed_seconds,optimization_approximate_kl,optimization_clip_fraction,optimization_count_loss,optimization_early_kl_stop,optimization_entropy_coefficient,optimization_epochs_completed,optimization_learning_rate_fraction,optimization_loss,optimization_normalized_entropy,optimization_policy_loss,optimization_q_loss,optimization_value_loss,rollout_best_objective,rollout_feasible_rate,rollout_mean_objective,rollout_reward_scale,rollout_std_objective,rollout_transitions,rollout_vectorized_rollouts,self_imitation_loss,update,validation_archive_best_objective,validation_best_of_k_objective,validation_deterministic_objective,validation_fixed_validation_seed,validation_mean_stochastic_objective,validation_selection_metric,validation_selection_objective,validation_std_stochastic_objective
13.463660623998294,0.010778511212265585,0.08984375,1.4156696647405624,0.0,0.0199525,4.0,0.9975,0.0618075638388594,0.7037788977225622,0.0007287433836609125,0.016047571813032846,0.005465456371894106,265735.632,1.0,191876.486984375,1.12176296559331e-07,30616.176433685378,5696.0,1.0,,1,265735.632,276093.46075,0.0,70000042,209336.81769166663,best_of_k,276093.46075,38125.98988588187
13.168310162000125,0.010283625328156631,0.09236653645833333,1.227645752330621,0.0,0.019905,4.0,0.995,0.03808193950681016,0.7330381212135156,-0.008739569020690396,9.557623639011581e-05,4.1574411663229206e-05,298520.57075,1.0,222801.58049609375,1.12176296559331e-07,29537.682369063295,5696.0,1.0,,2,,,,,,,,
13.180198650999955,0.00891533428026984,0.12076822916666667,1.258819617331028,0.0,0.0198575,4.0,0.9925,0.04200012421157832,0.7721410530308882,-0.0056132544511153055,2.1267322911929416e-05,6.121669372305405e-06,337178.70225,1.0,238193.12487109378,1.12176296559331e-07,34353.96296267304,5696.0,1.0,,3,,,,,,,,
13.294723928000167,0.00795353573388032,0.096923828125,1.297225534915924,0.0,0.01981,4.0,0.99,0.03711884746250386,0.7710116828481356,-0.012474220556517443,2.0664388046043314e-05,6.92898407805842e-06,360919.3415,1.0,283798.8533007813,1.12176296559331e-07,32851.91468404036,5696.0,1.0,,4,,,,,,,,
13.111242885999673,0.008991419279482216,0.10843912760416667,1.2943703805406888,0.0,0.0197625,4.0,0.9875,0.04081419832073152,0.7856712850431601,-0.008382678827426085,1.707222514824025e-05,6.954101290072383e-06,386224.758,1.0,313056.31865234376,1.12176296559331e-07,34703.84047157486,5696.0,1.0,,5,,,,,,,,
13.009554913998727,0.007970995580156645,0.093505859375,1.279710238178571,0.0,0.019715,4.0,0.985,0.047801195488621794,0.7814949701229731,-0.0007806918777835866,1.2659367390218298e-05,4.5629758128977e-06,393470.09725,1.0,332785.8547617188,1.12176296559331e-07,29953.06441140316,5696.0,1.0,,6,,,,,,,,
12.903201764002006,0.006404860541806556,0.09513346354166667,1.2668644910057385,0.0,0.0196675,4.0,0.9825,0.04969668167177588,0.7638657639424006,0.0013715571743280937,1.765805743995467e-05,6.9252092202987114e-06,468934.62875000003,1.0,369782.9696132813,1.12176296559331e-07,36270.67551757338,5696.0,1.0,,7,,,,,,,,
12.973736493000615,0.008189680052358502,0.11279296875,1.1843963985641797,0.0,0.019620000000000002,4.0,0.98,0.035171921170937516,0.7567547845343748,-0.00920466369522425,1.2705072170623074e-05,6.045910415271767e-06,498246.6915,1.0,388078.0998242188,1.12176296559331e-07,37698.98047466244,5696.0,1.0,,8,,,,,,,,
13.054639183999825,0.009315714043623302,0.1378173828125,1.1574228182435036,0.0,0.0195725,4.0,0.9775,0.031132018542848527,0.7287483550608158,-0.012486917044346532,7.672121088830863e-05,7.098965208266843e-06,515729.61124999996,1.0,425762.99330859375,1.12176296559331e-07,24721.141567929695,5696.0,1.0,,9,,,,,,,,
14.036795018000703,0.008354989312162312,0.1187744140625,1.114982195198536,0.0,0.019525,4.0,0.975,0.03871518711093813,0.7039858090380827,-0.003292830311693251,1.2927872830914566e-05,5.87644581173663e-06,562005.2222500001,1.0,462193.5165976563,1.12176296559331e-07,27630.812980832314,5696.0,1.0,2.817840814590454,10,,,,,,,,
12.90867672999957,0.012790780953461459,0.1943359375,1.109100433687369,0.0,0.019477500000000002,4.0,0.9725,0.03804161176473523,0.6511443257331848,-0.004771513117399688,0.0003261450503373453,1.6302026674945107e-05,564491.94875,1.0,513229.1794179688,1.12176296559331e-07,27270.094512726817,5696.0,1.0,,11,,,,,,,,
12.831919950000156,0.011628380794718396,0.1702880859375,1.0434480930368106,0.0,0.01943,4.0,0.97,0.030926067964173853,0.6475297523041567,-0.00885233330579164,0.001561437792209593,6.271150759099935e-05,574053.28125,1.0,527280.7091796875,1.12176296559331e-07,22971.867418055666,5696.0,1.0,,12,,,,,,,,
12.951422273999924,0.010061260138172656,0.14326985677083334,0.9962761215865612,0.0,0.0193825,4.0,0.9675,0.03270802381060397,0.6211794689297676,-0.005130755734474708,0.0005389057277701189,2.2185348133992495e-05,580566.1435000001,1.0,548553.4313437501,1.12176296559331e-07,19269.900011112666,5696.0,1.0,,13,,,,,,,,
12.786557097002515,0.00938637402820556,0.14396158854166666,0.9231400787830353,0.0,0.019335,4.0,0.965,0.026943474697570007,0.5919830786685149,-0.007866986794397235,0.0008252094140364837,3.3856405697936985e-05,597058.3999999999,1.0,567475.8191249999,1.12176296559331e-07,17726.344865014962,5696.0,1.0,,14,,,,,,,,
12.912668255001336,0.006790747929092807,0.0865478515625,0.8747713218132654,0.0,0.0192875,4.0,0.9625,0.02978251282668983,0.5795618370175362,-0.0028024071749920645,0.00018217343869271949,1.2871655596787454e-05,615078.5625,1.0,577651.3079921876,1.12176296559331e-07,15107.896786310608,5696.0,1.0,,15,,,,,,,,
12.834821563999867,0.008519527615135303,0.11075846354166667,0.8241220054527124,0.0,0.01924,4.0,0.96,0.027220771880820394,0.5571168921887875,-0.0032691844971850514,1.7334944042583327e-05,2.1025420859170176e-06,616103.3935,1.0,592061.0812851563,1.12176296559331e-07,14908.25896258831,5696.0,1.0,,16,,,,,,,,
12.937703074003366,0.009339768830007719,0.11820475260416667,0.8073227492471536,0.0,0.0191925,4.0,0.9575,0.031371714741302036,0.5492137496670088,0.0015442262520082295,1.0977714760921723e-05,2.074864994483505e-06,622581.272,1.0,592444.76471875,1.12176296559331e-07,14256.37670074738,5696.0,1.0,,17,,,,,,,,
12.882767888997478,0.007699861207584036,0.10205078125,0.7945481600860754,0.0,0.019145,4.0,0.955,0.029649862844962627,0.5443790405988693,0.00034271339730670053,8.043326009972892e-06,2.1479214188010096e-06,631080.82825,1.0,605098.8547578126,1.12176296559331e-07,11341.13253230009,5696.0,1.0,,18,,,,,,,,
12.928692156001489,0.009537923494766195,0.12687174479166666,0.7895194292068481,0.0,0.0190975,4.0,0.9525,0.02655352291185409,0.5275200052807728,-0.0028495810790142664,6.6238246792712134e-06,1.5661385196115891e-06,635795.8555,1.0,610215.6999140625,1.12176296559331e-07,10821.836352609409,5696.0,1.0,,19,,,,,,,,
13.831122655999934,0.008067188357623914,0.111572265625,0.7569403412441412,0.0,0.01905,4.0,0.95,0.028559917137802888,0.5131579525768757,0.0004853629895175497,2.3526256830071663e-05,1.6858347227829047e-06,645993.06325,1.0,618626.1611367187,1.12176296559331e-07,11421.436527790527,5696.0,1.0,2.008709669113159,20,645993.06325,646988.546,649506.9625000001,70000042,631740.3819333334,best_of_k,646988.546,9576.184745681072
13.01867551900068,0.007508263575497646,0.09086100260416667,0.7520700184007486,0.0,0.019002500000000002,4.0,0.9475,0.024173911175845813,0.4978037253022194,-0.004013720531171809,0.0003617228777509733,1.494742791644891e-05,642811.83375,1.0,624431.0057617187,1.12176296559331e-07,9642.220876287482,5696.0,1.0,,21,,,,,,,,
10.91020921100062,0.018992013627818476,0.2255859375,0.7241643021504084,1.0,0.018955,2.0,0.945,0.046152045756268,0.49487429360548657,0.019296701978115987,0.0002238650064327885,1.0168235045663701e-05,649884.3225,1.0,631044.9953710937,1.12176296559331e-07,9343.037649615362,5696.0,1.0,,22,,,,,,,,
12.975548844999139,0.00884256348975517,0.11507161458333333,0.7373493326207002,0.0,0.0189075,4.0,0.9425,0.033928022370673716,0.49521525266269845,0.006394241199207802,0.0002271687024043937,1.3758594801534704e-05,650156.24075,1.0,631891.6992734375,1.12176296559331e-07,8946.221974696604,5696.0,1.0,,23,,,,,,,,
12.828895026999817,0.010978018917739973,0.1397705078125,0.7004048973321915,0.0,0.018860000000000002,4.0,0.94,0.03246157168177888,0.46612317984302837,0.00613962224451825,0.0007987274752091859,2.5827162999073987e-05,653920.736,1.0,638051.4409375,1.12176296559331e-07,7350.57263107306,5696.0,1.0,,24,,,,,,,,
12.843974544000957,0.0059458521497314605,0.07230631510416667,0.6718390050033728,0.0,0.0188125,4.0,0.9375,0.025771471361319225,0.4452993379284938,0.00036239789915271103,0.0017169955186773223,4.5230920269053364e-05,654119.0160000001,1.0,639659.8369414062,1.12176296559331e-07,7568.318823457224,5696.0,1.0,,25,,,,,,,,
11.775950940002076,0.014326740999725493,0.15608723958333334,0.666546063290702,1.0,0.018765,3.0,0.935,0.034416238596248955,0.4410473066899512,0.009248605049732659,0.0011040806849551802,1.2348585054648234e-05,654644.7495,1.0,642064.9375546875,1.12176296559331e-07,6239.505295834885,5696.0,1.0,,26,,,,,,,,
12.941510952001408,0.011172572536149042,0.13911946614583334,0.6953190589944521,0.0,0.0187175,4.0,0.9325,0.03012562374351546,0.45586191304028034,0.0038065388604688146,0.0008474520576176777,1.9642820478319814e-06,656546.74725,1.0,641448.094765625,1.12176296559331e-07,6411.328631473709,5696.0,1.0,,27,,,,,,,,
13.006278011001996,0.009247345853358032,0.11543782552083333,0.7022247190276781,0.0,0.01867,4.0,0.9299999999999999,0.0233433607694072,0.45011240616440773,-0.003410674224141985,0.0004582759611887847,1.1373454131084297e-06,655985.27825,1.0,642178.3947070312,1.12176296559331e-07,7477.682896146156,5696.0,1.0,,28,,,,,,,,
12.962630005000392,0.006232757297463347,0.07271321614583333,0.6836103647947311,0.0,0.0186225,4.0,0.9275,0.025049791496712714,0.4489827925960223,-0.0007756274523368726,4.970815761377404e-05,2.222547000959215e-06,653510.97425,1.0,639503.1616054687,1.12176296559331e-07,7102.204687333891,5696.0,1.0,,29,,,,,,,,
14.044392661999154,0.012551345337821354,0.14542643229166666,0.656919481853644,0.0,0.018575,4.0,0.925,0.037722890362298735,0.4411439659694831,0.013065467249058807,5.2348663975484065e-05,9.236173212912036e-07,655878.11375,1.0,640928.3308398437,1.12176296559331e-07,7380.4642625042825,5696.0,1.0,1.7990055084228516,30,,,,,,,,
12.893226390999189,0.011235010023635065,0.13435872395833334,0.6607661818464597,0.0,0.018527500000000002,4.0,0.9225,0.029635844053700566,0.4528278907140096,0.004981906240573153,5.079224229120882e-05,6.358815080413175e-07,655457.4092499999,1.0,641433.9871718751,1.12176296559331e-07,7873.393737460065,5696.0,1.0,,31,,,,,,,,
13.225112555999658,0.009436816654366945,0.1182861328125,0.6605390422046185,0.0,0.01848,4.0,0.92,0.019485175163329888,0.439448290814956,-0.005421299661975354,2.372813772429557e-06,5.781285198717493e-07,653150.0982499999,1.0,643404.7068710937,1.12176296559331e-07,5247.631715623217,5696.0,1.0,,32,,,,,,,,
13.082245305999095,0.010370741454456342,0.119384765625,0.6497123291095098,0.0,0.0184325,4.0,0.9175,0.02246896304617015,0.4399250913411379,-0.0019085758443300922,1.6935942994678044e-06,1.3434064266940975e-06,654292.22775,1.0,643054.6083828125,1.12176296559331e-07,6706.191592661972,5696.0,1.0,,33,,,,,,,,
12.938668061000499,0.008569955816407552,0.1025390625,0.6424635810156664,0.0,0.018385,4.0,0.915,0.021802180194451164,0.4486330176393191,-0.002073316960983599,1.4810552571020708e-06,5.735177796376926e-07,655250.3992499999,1.0,641867.55015625,1.12176296559331e-07,6442.453215487489,5696.0,1.0,,34,,,,,,,,
10.795290649999515,0.016406161425948085,0.17049153645833334,0.6316263526678085,1.0,0.0183375,2.0,0.9125,0.03676377962498615,0.4323765772084395,0.013110801693983376,1.5390952370353261e-06,4.214418029372761e-07,657079.9105,1.0,645902.532625,1.12176296559331e-07,6142.789640076226,5696.0,1.0,,35,,,,,,,,
9.895293817997299,0.020049342664303065,0.20345052083333334,0.6200647999842962,1.0,0.01829,1.0,0.91,0.010696417419239879,0.4306058983008067,-0.012431434743727246,1.1694910947805208e-06,5.506703478393623e-07,659255.8245000001,1.0,648418.0530351562,1.12176296559331e-07,5652.623903356542,5696.0,1.0,,36,,,,,,,,
12.92315549200066,0.00734481930074556,0.09480794270833333,0.6454579159617424,0.0,0.018242500000000002,4.0,0.9075,0.021203120704740286,0.43564945831894875,-0.003123000138051187,1.8554207995199097e-06,7.493156418310795e-07,657240.25375,1.0,646301.1264648438,1.12176296559331e-07,5404.750808521853,5696.0,1.0,,37,,,,,,,,
13.027452292000817,0.009343847672880656,0.11088053385416667,0.6198987339933714,0.0,0.018195,4.0,0.905,0.026307527082584176,0.4187753324707349,0.00292873700770239,1.391681889136483e-06,6.662642302757149e-06,657588.8659999999,1.0,647027.7109687501,1.12176296559331e-07,5856.567167349282,5696.0,1.0,,38,,,,,,,,
12.873184657997626,0.01038656629240601,0.1240234375,0.6067335108915964,0.0,0.0181475,4.0,0.9025,0.028245207581979532,0.4081223960965872,0.005304193589836359,1.507742647769798e-06,2.117876326461025e-05,660479.92275,1.0,649236.0712382812,1.12176296559331e-07,5063.047648647087,5696.0,1.0,,39,,,,,,,,
13.933585695001966,0.007533779975346988,0.09623209635416667,0.6199969040850798,0.0,0.0181,4.0,0.9,0.023321448621572927,0.41104564629495144,-0.00023904291447252035,1.031277947779093e-06,9.403698223072373e-07,658390.928,1.0,648932.48175,1.12176296559331e-07,5541.2984953332225,5696.0,1.0,1.614382266998291,40,660479.92275,662632.26,665625.1857500001,70000042,657397.8781833332,best_of_k,662632.26,2611.0175966353327
12.977807010996912,0.014529291216149431,0.1578369140625,0.5956175910929838,0.0,0.0180525,4.0,0.8975,0.02771681614103727,0.39143113046884537,0.00500181969255209,1.0105537899818273e-06,6.523114593666909e-07,661824.4885000001,1.0,651411.7720195313,1.12176296559331e-07,5698.63329697129,5696.0,1.0,,41,,,,,,,,
12.881359077000525,0.013483031614536381,0.14217122395833334,0.5801595747470856,0.0,0.018005,4.0,0.895,0.026187694709127147,0.38671359419822693,0.0041413855700132745,1.053537769024615e-06,2.0065667876896973e-06,661899.63675,1.0,651607.994203125,1.12176296559331e-07,4982.502664939747,5696.0,1.0,,42,,,,,,,,
12.96534190499733,0.006685368782351968,0.0809326171875,0.5482290623088678,0.0,0.0179575,4.0,0.8925,0.015770342647253226,0.37353779437641305,-0.005466297462893029,3.873350412912183e-05,0.0010582367093861695,662602.9465,1.0,653125.802265625,1.12176296559331e-07,5507.44341383193,5696.0,1.0,,43,,,,,,,,
12.897913423999853,0.019023267499126934,0.16280110677083334,0.5222391113638878,1.0,0.017910000000000002,4.0,0.89,0.02798103901053158,0.3743960652500391,0.008513164066243917,0.0002725467278708038,6.819540910877701e-05,665591.39425,1.0,654330.5646992188,1.12176296559331e-07,5275.798275153553,5696.0,1.0,,44,,,,,,,,
13.085470828002144,0.01328759819350959,0.14546712239583334,0.491572334120671,0.0,0.0178625,4.0,0.8875,0.018962858167166512,0.35191673164566356,0.00046463078858020407,2.5244428305389494e-05,0.0004063970501656892,665086.4354999999,1.0,655064.121484375,1.12176296559331e-07,5342.671280485128,5696.0,1.0,,45,,,,,,,,
12.927742191997822,0.014867687526248119,0.168701171875,0.4719291360427936,0.0,0.017815,4.0,0.885,0.018597303200901177,0.34313103929162025,0.000532116120060285,5.4036532124731217e-05,0.0011524108707969087,668785.18375,1.0,654057.5985703125,1.12176296559331e-07,5355.045868856008,5696.0,1.0,,46,,,,,,,,
12.947582336997584,0.009097794335445997,0.1063232421875,0.48387057706713676,0.0,0.017767500000000002,4.0,0.8825000000000001,0.01286870482726954,0.34164134847621125,-0.005349149355121578,3.021475973715345e-06,0.00018827245690052527,665171.7555,1.0,654219.1952226562,1.12176296559331e-07,4446.0010828454315,5696.0,1.0,,47,,,,,,,,
12.945281883999996,0.008514065927253492,0.10587565104166667,0.44359418377280235,0.0,0.01772,4.0,0.88,0.01914400955623326,0.3492921634266774,0.003150718538866689,9.012268039991037e-06,4.2766784993375495e-06,667651.6385,1.0,656261.8785585938,1.12176296559331e-07,5046.513447060571,5696.0,1.0,,48,,,,,,,,
13.004373775002023,0.008718807116546637,0.11531575520833333,0.43295001859466237,0.0,0.0176725,4.0,0.8775,0.016389003236933302,0.33625660712520283,0.0006723599702430268,0.00011093943764232488,1.0856155832073e-06,668361.8010000001,1.0,657319.1966484375,1.12176296559331e-07,5013.509458598287,5696.0,1.0,,49,,,,,,,,
14.082932478999282,0.008582013658269716,0.1163330078125,0.4314725498358409,0.0,0.017625000000000002,4.0,0.875,0.012874669715529308,0.3269292873640855,-0.0033073662198148668,0.003701686738177538,7.364683831667662e-07,667821.3790000001,1.0,657061.4930078126,1.12176296559331e-07,4989.431666520931,5696.0,1.0,1.321132779121399,50,,,,,,,,
12.986567668001953,0.009871265119727468,0.11918131510416667,0.41997772082686424,0.0,0.0175775,4.0,0.8725,0.0185275907376005,0.3224777573098739,0.002067212869102756,0.01129084069179953,1.5206509971221749e-06,669520.27525,1.0,657632.034671875,1.12176296559331e-07,5518.944284740631,5696.0,1.0,,51,,,,,,,,
11.042050498999743,0.02061790895155961,0.17244466145833334,0.40802600234746933,1.0,0.01753,2.0,0.87,0.03648832386049131,0.32611199220021564,0.021170639200136065,0.006263287673694625,1.3598206280107661e-05,667339.72525,1.0,657334.5161406251,1.12176296559331e-07,5589.658915891235,5696.0,1.0,,52,,,,,,,,
13.06284958300239,0.009096581783296642,0.11478678385416667,0.44528380657235783,0.0,0.0174825,4.0,0.8674999999999999,0.016721047354318824,0.33043122850358486,0.00017116620438173413,0.0006102879812980669,2.851144396724218e-06,669563.52425,1.0,658049.8407265625,1.12176296559331e-07,5461.066964416562,5696.0,1.0,,53,,,,,,,,
13.034600209000928,0.011320653784234006,0.12890625,0.4067795053124428,0.0,0.017435,4.0,0.865,0.015728439330511417,0.3165163192898035,0.0009067901313149681,7.296663187143319e-06,8.123656781341045e-07,669766.908,1.0,659273.1214843751,1.12176296559331e-07,5988.738977210282,5696.0,1.0,,54,,,,,,,,
13.145247876000212,0.00932143919118289,0.1190185546875,0.4143546186387539,0.0,0.0173875,4.0,0.8625,0.01891351435915567,0.29723553266376257,0.003363476018421352,2.1082466948503984e-06,5.576134866439967e-07,668281.64225,1.0,659538.7415546875,1.12176296559331e-07,4796.062424876549,5696.0,1.0,,55,,,,,,,,
13.186538816000393,0.007235485726520589,0.09370930989583333,0.3815587628632784,0.0,0.01734,4.0,0.86,0.0185310359520372,0.2942547711233298,0.004555057055161645,1.711776472272201e-06,4.935509032577556e-07,671394.689,1.0,661411.8554648438,1.12176296559331e-07,5220.265211298105,5696.0,1.0,,56,,,,,,,,
13.14700517700112,0.008388285887226251,0.10306803385416667,0.38046216530104476,0.0,0.017292500000000002,4.0,0.8575,0.011753257393138483,0.29408122909565765,-0.00218484053038992,1.4712709770492438e-06,4.838171084505424e-07,670284.6697500001,1.0,661538.4515,1.12176296559331e-07,3941.699239527897,5696.0,1.0,,57,,,,,,,,
13.237491474999842,0.013119473828510309,0.15083821614583334,0.38589838705956936,0.0,0.017245,4.0,0.855,0.016565038337527465,0.2994823195040226,0.0024342931380184987,1.4117517631954495e-06,5.137511145392182e-07,671426.40225,1.0,661273.7080039063,1.12176296559331e-07,5391.07515694978,5696.0,1.0,,58,,,,,,,,
13.168998484998156,0.009978165445829745,0.11470540364583333,0.37199764388302964,0.0,0.0171975,4.0,0.8525,0.016226481170936797,0.2986494703218341,0.002762264465369905,1.1626588320249691e-06,4.851141959250072e-07,670896.6387499999,1.0,662665.3247929688,1.12176296559331e-07,4569.140289602585,5696.0,1.0,,59,,,,,,,,
14.324820306002948,0.006233469142216563,0.08304850260416667,0.3590185313175122,0.0,0.017150000000000002,4.0,0.85,0.005818357254611328,0.28852316706130904,-0.007184714699784915,1.028124113844342e-06,4.2824210844116806e-07,672737.37825,1.0,663038.9164375,1.12176296559331e-07,4705.559020157799,5696.0,1.0,1.1817891597747803,60,672737.37825,673454.85675,670938.6187499999,70000042,669460.10365,best_of_k,673454.85675,2462.652678234976
13.144517822001944,0.00929490389703839,0.12223307291666667,0.370641864836216,0.0,0.0171025,4.0,0.8475,0.016204371029743925,0.2915238340695699,0.0026577309666511915,1.0633471774212921e-06,4.5361947324333113e-07,672281.1605,1.0,662307.3321445313,1.12176296559331e-07,4713.513353351433,5696.0,1.0,,61,,,,,,,,
13.12788290199751,0.010255802861384685,0.12906901041666666,0.3596584207067887,0.0,0.017055,4.0,0.845,0.01959102491188484,0.27472667551289004,0.006293250907522936,1.0218574407379795e-06,4.268177100641424e-07,673156.7150000001,1.0,662952.8413476562,1.12176296559331e-07,5403.5114403766365,5696.0,1.0,,62,,,,,,,,
13.402895259998331,0.008122234009557397,0.10026041666666667,0.33342538960278034,0.0,0.017007500000000002,4.0,0.8425,0.01684886614869659,0.2729649627581239,0.004819761835581933,8.693764937580303e-07,3.978926438700607e-07,671314.9245000001,1.0,663553.8760195313,1.12176296559331e-07,3954.3450551515302,5696.0,1.0,,63,,,,,,,,
13.211966480001138,0.009027429490117811,0.10725911458333333,0.33136704688270885,0.0,0.01696,4.0,0.84,0.01294825395840841,0.2586667186891039,0.0007666088446664313,9.762282158950104e-07,3.651893039820682e-07,671809.0362500001,1.0,662384.9043085937,1.12176296559331e-07,4286.291935150573,5696.0,1.0,,64,,,,,,,,
13.249559986001259,0.009313048547141989,0.11177571614583333,0.32379058251778287,0.0,0.0169125,4.0,0.8375,0.013491950405295938,0.2573737393443783,0.0016549865443569918,8.639107574500334e-07,3.61096810526836e-07,670840.05675,1.0,662507.8176914062,1.12176296559331e-07,4475.499119170835,5696.0,1.0,,65,,,,,,,,
13.14528376400267,0.010961606412166702,0.12797037760416666,0.33694313776989776,0.0,0.016865,4.0,0.835,0.02189764582241575,0.25588717777282,0.009365759983969232,8.345110948937418e-07,3.656512124194933e-07,670721.35275,1.0,662486.6405937499,1.12176296559331e-07,4266.5841216259805,5696.0,1.0,,66,,,,,,,,
13.20748207699944,0.011910861336379716,0.121826171875,0.3359489229818185,0.0,0.0168175,4.0,0.8325,0.016402922658016905,0.26457155371705693,0.004054659608906756,7.419914756686315e-07,3.4982452312704027e-07,673680.3545,1.0,663802.1800898438,1.12176296559331e-07,4943.382874634991,5696.0,1.0,,67,,,,,,,,
13.233680593999452,0.01012798449576735,0.12158203125,0.3715969230979681,0.0,0.01677,4.0,0.83,0.01614746798683579,0.273782995219032,0.0021587203276188425,6.787927896804528e-07,3.4699557242371765e-07,673541.67,1.0,664181.9725195313,1.12176296559331e-07,4361.510780708442,5696.0,1.0,,68,,,,,,,,
13.223420436999731,0.00902968506957554,0.10371907552083333,0.36637213453650475,0.0,0.0167225,4.0,0.8275,0.013787088818692913,0.26888759651531774,-3.527487084890405e-05,6.907395283898646e-07,3.2032518859637094e-07,672558.04375,1.0,663321.4895390626,1.12176296559331e-07,4384.670716064582,5696.0,1.0,,69,,,,,,,,
14.264365866001754,0.009430951153613401,0.11580403645833333,0.3483140499641498,0.0,0.016675000000000002,4.0,0.825,0.01892213184813348,0.2595837094510595,0.005834773726140459,6.677075668667006e-07,2.9253175822437544e-07,671498.2145,1.0,662416.3124570312,1.12176296559331e-07,4112.220062255608,5696.0,1.0,1.0877015590667725,70,,,,,,,,
13.247135688001435,0.008471925698718982,0.11006673177083333,0.34517975337803364,0.0,0.0166275,4.0,0.8225,0.01693763288979729,0.26870503338674706,0.004146313954455157,6.591023300472898e-07,3.1508688399147405e-07,671037.6775,1.0,663126.07284375,1.12176296559331e-07,4441.317489521002,5696.0,1.0,,71,,,,,,,,
13.202088008001738,0.007379115820062528,0.0958251953125,0.34058919611076516,0.0,0.01658,4.0,0.8200000000000001,0.014810656992873797,0.26698357115189236,0.0022075229207985103,6.963736846425187e-07,3.839667493584405e-07,673383.19825,1.0,663920.5383710938,1.12176296559331e-07,4935.7507323565,5696.0,1.0,,72,,,,,,,,
13.09212106799896,0.014706417102606414,0.15169270833333334,0.3307097951571147,1.0,0.016532500000000002,4.0,0.8175,0.013872602838091552,0.252502955806752,0.0015113727422431111,6.72565066158389e-07,3.551616849506445e-07,673120.20075,1.0,663334.2932929688,1.12176296559331e-07,4127.790939985614,5696.0,1.0,,73,,,,,,,,
11.175121258998843,0.021127149471335354,0.19051106770833334,0.3420935894052188,1.0,0.016485,2.0,0.815,0.01908309001980039,0.2662665856381257,0.006367545885344346,6.697147512113588e-07,4.0282866583159677e-07,673689.08175,1.0,663892.9202031251,1.12176296559331e-07,5024.477613396684,5696.0,1.0,,74,,,,,,,,
13.056136646002415,0.005723076191979241,0.07539876302083333,0.34286112400392693,0.0,0.0164375,4.0,0.8125,0.0131052278544909,0.2590408083051443,0.00021988938290936252,6.754751756451091e-07,3.9523154112449294e-07,673191.46,1.0,663286.8454375,1.12176296559331e-07,4717.372684649167,5696.0,1.0,,75,,,,,,,,
13.138229418000265,0.00841460697622883,0.08943684895833333,0.3108168411999941,0.0,0.016390000000000002,4.0,0.81,0.006866474102328842,0.24948409603287777,-0.004585599429750194,7.540637779375933e-07,4.003707048857071e-07,673180.0842500002,1.0,663908.8400039063,1.12176296559331e-07,5189.573716702956,5696.0,1.0,,76,,,,,,,,
13.17242258799888,0.00836610578945359,0.09916178385416667,0.30457519615689915,0.0,0.0163425,4.0,0.8075,0.014280214779622232,0.24084220795581737,0.0029871581161084273,5.806048483473584e-07,4.0524573208244874e-07,672173.1569999999,1.0,664314.9595585937,1.12176296559331e-07,5067.452643500534,5696.0,1.0,,77,,,,,,,,
12.208606943000632,0.011286188004040318,0.10291883680555555,0.2844945829775598,1.0,0.016295,3.0,0.8049999999999999,0.015294304693169478,0.2374161866803964,0.004938048905589514,5.70023058483255e-07,3.308919680478084e-07,672553.6825,1.0,663815.3962148437,1.12176296559331e-07,4723.2817908591705,5696.0,1.0,,78,,,,,,,,
13.279920335000497,0.007092306893980549,0.0838623046875,0.29104735143482685,0.0,0.0162475,4.0,0.8025,0.017201287434242356,0.2333672788615028,0.0064403423651431995,5.495334202502514e-07,3.138959184430708e-07,672103.82225,1.0,664126.9888554688,1.12176296559331e-07,4689.093096224396,5696.0,1.0,,79,,,,,,,,
12.32284549600081,0.02176509017892651,0.15771484375,0.286257008711497,1.0,0.0162,2.0,0.8,0.021589560424520943,0.22672785508135954,0.010949497615608076,5.139598755476982e-07,3.04085832662319e-07,672280.39075,1.0,664231.2224335938,1.12176296559331e-07,4078.0200889868256,5696.0,1.0,1.0407156944274902,80,673689.08175,674215.263,673745.0217500001,70000042,671198.4835583332,best_of_k,674215.263,1768.8598450750228
13.278158813001937,0.00886522503606102,0.1053466796875,0.28857134220500785,0.0,0.0161525,4.0,0.7975,0.013277762748960717,0.22901698388159275,0.00254818081157282,5.245961395653845e-07,3.180049326090284e-07,672971.3407500001,1.0,664990.6310117189,1.12176296559331e-07,4256.568193411261,5696.0,1.0,,81,,,,,,,,
11.081701339000574,0.020582618151621546,0.1748046875,0.28881707414984703,1.0,0.016105,2.0,0.795,0.022793401663269226,0.2229321679721276,0.011942633835133165,8.241890843881569e-07,3.0841852094454225e-07,672867.6359999999,1.0,665225.6797382813,1.12176296559331e-07,4388.606424495963,5696.0,1.0,,82,,,,,,,,
13.332274298998527,0.006327319823237569,0.0738525390625,0.27489798578123253,0.0,0.016057500000000002,4.0,0.7925,0.011788865051736744,0.23171068045000234,0.00176447172028323,5.273494364151551e-07,2.7051835349567455e-07,671385.83675,1.0,664333.4285117188,1.12176296559331e-07,4213.275860942909,5696.0,1.0,,83,,,,,,,,
13.204934180997952,0.007906518036435273,0.10489908854166667,0.29017376465102035,0.0,0.01601,4.0,0.79,0.015114497160539031,0.23239742405712605,0.004326317236215497,4.64307960375739e-07,2.566884672224508e-07,673480.14675,1.0,664543.225328125,1.12176296559331e-07,3873.7711120303625,5696.0,1.0,,84,,,,,,,,
10.181443461999152,0.02376308852277968,0.18522135416666666,0.3100876336296399,1.0,0.0159625,1.0,0.7875,0.04229553402789558,0.24016104141871134,0.030624531752740342,5.280773412626635e-07,2.767709332829327e-07,673047.8605,1.0,664237.804265625,1.12176296559331e-07,4637.950817011229,5696.0,1.0,,85,,,,,,,,
13.218770870000299,0.0074462135522708195,0.08430989583333333,0.3163622170686722,0.0,0.015915,4.0,0.785,0.02095544323674403,0.2475673637042443,0.009077197920608645,4.3401356286665305e-07,2.520085991738104e-07,673060.7570000001,1.0,664354.1870195313,1.12176296559331e-07,4584.394806122808,5696.0,1.0,,86,,,,,,,,
13.092331659001502,0.01039303010328041,0.109619140625,0.30827993092437583,0.0,0.0158675,4.0,0.7825,0.01732992285784955,0.24514003718892732,0.005805503819525863,4.805126601799733e-07,2.671277945509587e-07,674380.93175,1.0,664644.06128125,1.12176296559331e-07,4698.141461706447,5696.0,1.0,,87,,,,,,,,
13.15147144599905,0.009123352771197801,0.08915201822916667,0.3354673820237319,0.0,0.01582,4.0,0.78,0.019645439538483817,0.26072902760157984,0.006996607922095184,5.06484832740739e-07,2.893200156487789e-07,671435.8899999999,1.0,663360.413453125,1.12176296559331e-07,4368.586165264243,5696.0,1.0,,88,,,,,,,,
13.063633098998253,0.008994043348413546,0.09757486979166667,0.33070318152507144,0.0,0.015772500000000002,4.0,0.7775,0.012295540470707541,0.263419756355385,-8.503125961093853e-05,5.202111736934967e-07,2.96995767830784e-07,672117.1955,1.0,663537.9304101563,1.12176296559331e-07,5109.829676923502,5696.0,1.0,,89,,,,,,,,
12.276660865998565,0.018408858806537864,0.160888671875,0.3282175523539384,1.0,0.015725,2.0,0.775,0.016266316156058263,0.2585822679102421,0.003921440608489017,6.507412031453441e-07,2.7722334650093217e-07,672546.08925,1.0,662913.9966562501,1.12176296559331e-07,4790.399353098458,5696.0,1.0,1.0230411291122437,90,,,,,,,,
13.193912468002964,0.010303330698860691,0.11088053385416667,0.3239749918381373,0.0,0.0156775,4.0,0.7725,0.016225008158168446,0.2511366695786516,0.003963244477442156,7.354599548629418e-07,2.710596248197324e-07,672291.07475,1.0,664321.4330742188,1.12176296559331e-07,4429.261414672072,5696.0,1.0,,91,,,,,,,,
11.18677994799873,0.015208852951028954,0.134033203125,0.30588844418525696,1.0,0.01563,2.0,0.77,0.0215790526708588,0.24971952475607395,0.010187362029682845,2.558734337299029e-06,2.562047368333727e-07,672257.5362500001,1.0,664273.986546875,1.12176296559331e-07,4571.659487700175,5696.0,1.0,,92,,,,,,,,
13.33325573899856,0.0074147404571552515,0.08504231770833333,0.3205783578256766,0.0,0.015582499999999999,4.0,0.7675,0.011350628357225409,0.24839723637948433,-0.0008079335578562071,1.4402145360747909e-06,2.986770795132543e-07,672061.7505000001,1.0,663150.7685742187,1.12176296559331e-07,5255.694604649179,5696.0,1.0,,93,,,,,,,,
13.171943014000135,0.01331450812615742,0.1322021484375,0.30751227028667927,0.0,0.015535,4.0,0.765,0.0212783924168131,0.24310663590828577,0.00967813336076991,1.1424612315143653e-05,3.282755945595757e-07,672820.3004999999,1.0,662780.0257539062,1.12176296559331e-07,4959.5266260364015,5696.0,1.0,,94,,,,,,,,
11.13438217500152,0.0184098848779873,0.15779622395833334,0.30150644357005757,1.0,0.015487500000000001,2.0,0.7625,0.026886886334978044,0.24172872180740038,0.015514713944867253,0.0004044343606134741,3.579277277528566e-07,672426.9037499999,1.0,664756.687734375,1.12176296559331e-07,4613.669034867876,5696.0,1.0,,95,,,,,,,,
13.178696655999374,0.00878894348629918,0.09794108072916667,0.32494850642979145,0.0,0.01544,4.0,0.76,0.02084055979018255,0.24963715362052122,0.008403549155142779,0.00043454785045800765,1.0548908229897809e-06,672466.49275,1.0,663223.3925273438,1.12176296559331e-07,4431.625414232306,5696.0,1.0,,96,,,,,,,,
13.15568488200006,0.008486419417389849,0.09427897135416667,0.3064778968691826,0.0,0.0153925,4.0,0.7575000000000001,0.01415833315695636,0.24169583432376385,0.002554219390731305,2.688913599039703e-06,5.058285624433742e-07,672322.9645,1.0,663742.3548632814,1.12176296559331e-07,4857.17302018664,5696.0,1.0,,97,,,,,,,,
13.086348413999076,0.008296494162919998,0.09297688802083333,0.31331159609059495,0.0,0.015345000000000001,4.0,0.755,0.01804773750094076,0.2517540433133642,0.006244979711482301,1.0797421433987135e-06,4.7135538287316575e-07,672941.9735,1.0,661865.1951601563,1.12176296559331e-07,4608.329781238495,5696.0,1.0,,98,,,,,,,,
12.928028451999126,0.00972636198166299,0.10066731770833333,0.3236925769597292,0.0,0.0152975,4.0,0.7525,0.01171354372248364,0.25456393013397854,-0.0005771523962418238,1.2223868193217413e-06,2.7250791164353433e-07,671792.68675,1.0,662351.9417109375,1.12176296559331e-07,4366.454439479173,5696.0,1.0,,99,,,,,,,,
14.255662377003318,0.012890046383571274,0.12662760416666666,0.32414211456974346,1.0,0.01525,4.0,0.75,0.013810536130525483,0.2566578049833576,0.0015166395751293749,7.01619072292677e-06,2.409576109011861e-07,669758.5275,1.0,662309.6624843751,1.12176296559331e-07,4435.402912964904,5696.0,1.0,1.0577396154403687,100,674380.93175,674097.0375,675759.41275,70000042,670970.6545833334,best_of_k,674097.0375,2040.223126962739
10.149927654001658,0.055349248128569194,0.2765299479166667,0.3432130192716916,1.0,0.0152025,1.0,0.7475,0.05065365422827502,0.23351041227579117,0.037041860865429044,9.534655172653098e-06,2.621976046649858e-07,673331.46575,1.0,664542.3154453125,1.12176296559331e-07,4198.446484550552,5696.0,1.0,,101,,,,,,,,
13.091612240001268,0.0075337451129845094,0.08768717447916667,0.3415232642243306,0.0,0.015155,4.0,0.745,0.016505909637392808,0.268385694672664,0.0034968105416434505,2.07498435026802e-06,2.2660366797803513e-07,672633.57825,1.0,662386.9068984375,1.12176296559331e-07,4802.586293210438,5696.0,1.0,,102,,,,,,,,
13.138668765001057,0.00774814630997156,0.08736165364583333,0.3266050846626361,0.0,0.0151075,4.0,0.7424999999999999,0.01524278188783986,0.265807240580519,0.0029269811154032746,1.1193531369949975e-05,2.187017426417507e-07,671197.66225,1.0,661909.9480312499,1.12176296559331e-07,4358.91865218125,5696.0,1.0,,103,,,,,,,,
13.076845939001942,0.011335423609590833,0.11482747395833333,0.3341012919942538,0.0,0.01506,4.0,0.74,0.018918799144254688,0.2611158558477958,0.0061449781351257116,1.0547718312399942e-05,2.113413160031996e-07,670872.328,1.0,661564.5120898439,1.12176296559331e-07,5049.360169954535,5696.0,1.0,,104,,,,,,,,
13.192333310998947,0.012594092460255743,0.12548828125,0.3565061924358209,1.0,0.015012500000000002,4.0,0.7375,0.01817495044087991,0.2688824003562331,0.0043854619046517955,6.73177734474469e-06,2.044979436159148e-07,673047.4115,1.0,661666.2514882814,1.12176296559331e-07,4939.141306152005,5696.0,1.0,,105,,,,,,,,
12.935660367998935,0.007445499769936248,0.0804443359375,0.3960067518055439,0.0,0.014965,4.0,0.735,0.01860977351316251,0.2875059836854537,0.0031115890596993268,2.790862685249825e-06,1.8977440182273617e-07,669846.986,1.0,660058.8079921876,1.12176296559331e-07,4652.146829348004,5696.0,1.0,,106,,,,,,,,
13.091982132002158,0.0069190171767239406,0.08430989583333333,0.3698146964112918,0.0,0.0149175,4.0,0.7324999999999999,0.005614735278262136,0.2772508456061284,-0.008741091451762864,8.696941231178812e-06,2.2212383280854434e-07,670073.4535,1.0,660894.52390625,1.12176296559331e-07,5024.116171445043,5696.0,1.0,,107,,,,,,,,
13.09502381999846,0.0069991416794993695,0.0780029296875,0.3685328420251608,0.0,0.014870000000000001,4.0,0.73,0.02082198634161614,0.2742861993610859,0.006473224920531114,5.940063209900852e-06,3.2131885241426517e-07,671056.7829999999,1.0,662276.5708789063,1.12176296559331e-07,4383.938642370577,5696.0,1.0,,108,,,,,,,,
13.059460337000928,0.0074451959398705485,0.08467610677083333,0.34890029951930046,0.0,0.014822499999999999,4.0,0.7275,0.02027203403607321,0.26915099533895653,0.006816295121097937,9.96858536457997e-07,2.2769076224449236e-07,671162.45175,1.0,662432.1481367188,1.12176296559331e-07,4500.099759091649,5696.0,1.0,,109,,,,,,,,
14.243400905001181,0.011495341044515328,0.1148681640625,0.3672266484548648,0.0,0.014775,4.0,0.725,0.021319435138138942,0.278235853339235,0.007068849333639567,7.797297113161979e-07,2.1910801232631152e-07,671238.0537500001,1.0,662025.8763632813,1.12176296559331e-07,4871.900978446086,5696.0,1.0,1.3228222131729126,110,,,,,,,,
13.186602991001564,0.00708635275658646,0.08760579427083333,0.3673083347578843,0.0,0.014727500000000001,4.0,0.7224999999999999,0.021943841934747372,0.2757273685807983,0.00763904945536827,4.732001457341539e-07,2.0502257639757696e-07,669183.4125000001,1.0,661877.6298359374,1.12176296559331e-07,4330.858663175605,5696.0,1.0,,111,,,,,,,,
11.982035428998643,0.018939994265579685,0.14583333333333334,0.36447471214665306,1.0,0.01468,3.0,0.72,0.02339047207755761,0.28429679531190133,0.009340081920122935,3.8379802131455813e-07,1.8577380029367103e-07,671708.8057499999,1.0,663073.4451054689,1.12176296559331e-07,4378.644999409646,5696.0,1.0,,112,,,,,,,,
13.238776846999826,0.007288209558010313,0.07991536458333333,0.3861275104184945,0.0,0.014632500000000001,4.0,0.7175,0.014944897086631196,0.29172146661827963,-9.301884953553478e-05,4.6753991848428694e-07,2.154892628780658e-07,669805.3442500001,1.0,661619.5756992188,1.12176296559331e-07,4434.665859990678,5696.0,1.0,,113,,,,,,,,
13.111841139001626,0.004383083358440842,0.051676432291666664,0.37561398185789585,0.0,0.014585,4.0,0.7150000000000001,0.011685201694490388,0.29022617762287456,-0.002862678734042371,3.7836258866737654e-07,1.8464504266309709e-07,671341.3875000001,1.0,661836.0524101562,1.12176296559331e-07,4364.779162904132,5696.0,1.0,,114,,,,,,,,
13.15332396300073,0.009123329774945196,0.09708658854166667,0.373524500677983,0.0,0.014537500000000002,4.0,0.7125,0.02412276134903853,0.29032516789933044,0.00966701660460482,3.6931728845483275e-07,1.6928704734316588e-07,670791.9837499999,1.0,662174.3521718751,1.12176296559331e-07,4342.813513646741,5696.0,1.0,,115,,,,,,,,
13.19180469999992,0.00801469061884319,0.08072916666666667,0.36426815080145997,0.0,0.014490000000000001,4.0,0.71,0.019148395299756277,0.2898004464805126,0.005134002538397908,4.878335081078452e-07,2.886223064990645e-07,669885.8300000001,1.0,662845.3634335938,1.12176296559331e-07,4126.3339262222125,5696.0,1.0,,116,,,,,,,,
13.193571258998418,0.00693158237917757,0.0809326171875,0.37135087077816326,0.0,0.0144425,4.0,0.7075,0.008670019757119007,0.2880132893721263,-0.005738026763234909,3.364126494413237e-07,2.0209512167449853e-07,671321.44025,1.0,662144.28015625,1.12176296559331e-07,4428.6649479787175,5696.0,1.0,,117,,,,,,,,
11.144807533997664,0.017473646044255275,0.14501953125,0.36839360867937404,1.0,0.014395000000000002,2.0,0.7050000000000001,0.026347008106919628,0.27865421772003174,0.011938428428644935,3.8990557271745274e-07,1.7285181937628144e-07,669996.3302500001,1.0,661905.0410468751,1.12176296559331e-07,4403.764307486897,5696.0,1.0,,118,,,,,,,,
10.060084004999226,0.022726407551038125,0.18424479166666666,0.36235495656728745,1.0,0.014347500000000001,1.0,0.7025,0.0295285601556922,0.2871981884042422,0.015531272472192844,3.7230281672388327e-07,1.5633610672693976e-07,671378.8102500001,1.0,661452.037828125,1.12176296559331e-07,4845.857328720953,5696.0,1.0,,119,,,,,,,,
14.20604601100058,0.008265146104517859,0.0870361328125,0.35897568240761757,0.0,0.0143,4.0,0.7,0.019736027097678743,0.27587217309822637,0.005732075485866517,4.7167054262331476e-07,1.839764246132821e-07,670077.6947500001,1.0,661981.0663671875,1.12176296559331e-07,3810.1237005203097,5696.0,1.0,1.2629438638687134,120,674380.93175,671656.2455000001,670771.5475000001,70000042,667920.3736916668,best_of_k,671656.2455000001,2051.716561260472
13.300568861999636,0.012517411815107238,0.124755859375,0.3269399094084899,0.0,0.014252500000000001,4.0,0.6975,0.009089006979290085,0.26898779813200235,-0.003424404848677417,5.116918172139625e-07,2.271701154595481e-07,671532.9252500001,1.0,662415.6684296875,1.12176296559331e-07,4318.317804321177,5696.0,1.0,,121,,,,,,,,
12.114505672998348,0.015082246739322298,0.1394314236111111,0.3237468832068973,1.0,0.014205,3.0,0.6950000000000001,0.015492580410662211,0.2673313398328092,0.003102563657901353,4.680594961491301e-07,1.347943550358524e-07,671211.99425,1.0,662225.7811328125,1.12176296559331e-07,3836.219405527397,5696.0,1.0,,122,,,,,,,,
13.308398238998052,0.008580533519342145,0.08638509114583333,0.32063081736365956,0.0,0.0141575,4.0,0.6925,0.015012428494325528,0.26987649717678625,0.0028015689361685268,2.6063366901733315e-07,1.3786198257056034e-07,671606.37775,1.0,662791.1661523437,1.12176296559331e-07,4372.95187021956,5696.0,1.0,,123,,,,,,,,
13.12019621500076,0.007448469599498371,0.0797119140625,0.3535329420119524,0.0,0.014110000000000001,4.0,0.69,0.014706611322859922,0.27308736617366475,0.0008830953350601097,4.423164110534117e-07,1.7473724156502612e-07,670904.33525,1.0,661641.16259375,1.12176296559331e-07,5206.980189783254,5696.0,1.0,,124,,,,,,,,
13.040464346999215,0.006068397442170692,0.07124837239583333,0.3276709554096063,0.0,0.0140625,4.0,0.6875,0.009689213727445653,0.26337046766032773,-0.0029915240011177957,7.568438464981379e-06,1.600981912967351e-07,671884.73625,1.0,662553.3110390624,1.12176296559331e-07,4776.843324066985,5696.0,1.0,,125,,,,,,,,
13.224834821001423,0.007523710742335747,0.08951822916666667,0.31803411307434243,0.0,0.014015,4.0,0.685,0.012370763841317967,0.2636861369634668,0.0001634258272436758,1.114933225506339e-05,1.5611353750462817e-07,671809.4864999999,1.0,663058.4975351563,1.12176296559331e-07,4287.404058157917,5696.0,1.0,,126,,,,,,,,
13.299849666000227,0.00764357583130959,0.08642578125,0.3028524586309989,0.0,0.0139675,4.0,0.6825,0.014115778967000855,0.26301185755680007,0.002646449972720196,2.5874116875712616e-06,1.3041497911222186e-07,669849.4097500001,1.0,662391.25140625,1.12176296559331e-07,4238.840317269553,5696.0,1.0,,127,,,,,,,,
12.88697517699984,0.013796346465663115,0.13387044270833334,0.3012010840078195,0.0,0.01392,4.0,0.6799999999999999,0.016223222322878428,0.25832243046412867,0.0047588616628975915,6.39460165115698e-07,1.811725982570067e-07,670167.4405,1.0,661823.7118398438,1.12176296559331e-07,3996.2855471955936,5696.0,1.0,,128,,,,,,,,
12.916957184999774,0.005061235392877468,0.058390299479166664,0.3117237954090039,0.0,0.0138725,4.0,0.6775,0.016236300327970337,0.2524855323135853,0.004152598092332482,4.837650860641437e-07,1.391945868197316e-07,669486.8242500002,1.0,661114.4083710938,1.12176296559331e-07,3942.2824733927687,5696.0,1.0,,129,,,,,,,,
14.196776069999032,0.01047531413706082,0.11381022135416667,0.31681026332080364,0.0,0.013825,4.0,0.675,0.02042978173509861,0.2609451577688257,0.008196645843175551,1.2525969680747078e-06,1.2885824555534478e-07,669169.8045000001,1.0,660689.8200117187,1.12176296559331e-07,4202.471807495981,5696.0,1.0,1.5036756992340088,130,,,,,,,,
12.918161337998754,0.007380003359315879,0.0869140625,0.32070106578369934,0.0,0.013777500000000002,4.0,0.6725,0.014597212580459503,0.261494729667902,0.0021646872628480196,1.4482374623980832e-06,1.4152438732040196e-07,669292.458,1.0,660978.9161132812,1.12176296559331e-07,4667.175736810634,5696.0,1.0,,131,,,,,,,,
12.957016517000739,0.00686006666870161,0.08321126302083333,0.2999609137574832,0.0,0.01373,4.0,0.6699999999999999,0.010525435912616862,0.2627420748273532,-0.0008654346068700155,2.161081170607796e-06,1.1374904248147762e-07,669901.356,1.0,661606.5164765625,1.12176296559331e-07,4430.902333544109,5696.0,1.0,,132,,,,,,,,
12.858916526001849,0.010425467823601172,0.10701497395833333,0.31119063807030517,0.0,0.0136825,4.0,0.6675,0.01744678484101314,0.26036483825494844,0.005449414374500823,2.2523967793119937e-06,1.1018399052413012e-07,669163.5285000001,1.0,661576.3322148437,1.12176296559331e-07,4065.3098392896413,5696.0,1.0,,133,,,,,,,,
12.785208241999499,0.006997209322141392,0.07527669270833333,0.3035643535355727,0.0,0.013635000000000001,4.0,0.665,0.0056166991804881645,0.25048852153122425,-0.006148442587194343,2.2719815668814647e-05,1.2631685593807637e-07,670171.7062499999,1.0,660895.7396875,1.12176296559331e-07,4294.485261943954,5696.0,1.0,,134,,,,,,,,
12.903814321001846,0.007716415750097146,0.09342447916666667,0.31173926157255966,0.0,0.013587499999999999,4.0,0.6625,0.012111113290302455,0.25429633414993685,-7.827023121838768e-05,0.0005756336852880869,2.166564329423674e-07,669188.11575,1.0,660062.4386757812,1.12176296559331e-07,3749.8882264286253,5696.0,1.0,,135,,,,,,,,
13.095407059001445,0.010691400467501092,0.11568196614583333,0.3094829674810171,0.0,0.01354,4.0,0.6599999999999999,0.007640843667710821,0.25173810838411254,-0.0044315343257039785,6.532598696651348e-05,4.610646417250545e-07,667738.2945000001,1.0,659923.7427539062,1.12176296559331e-07,4267.5609137917845,5696.0,1.0,,136,,,,,,,,
12.878299069001514,0.012078020951195848,0.12788899739583334,0.30644583453734714,0.0,0.013492500000000001,4.0,0.6575,0.010975500612403266,0.25504078560819227,-0.0009081366006284952,2.3459398114766827e-05,2.7482928777189386e-07,667777.4114999999,1.0,660594.7765859375,1.12176296559331e-07,3869.7410951864576,5696.0,1.0,,137,,,,,,,,
12.683537581000564,0.008198725228259818,0.09431966145833333,0.29150077514350414,0.0,0.013445000000000002,4.0,0.655,0.01938468313892372,0.24831817640612522,0.008146750119825205,1.1046926461588669e-05,8.53588329056502e-07,670208.96825,1.0,660921.1666289063,1.12176296559331e-07,4608.763214867756,5696.0,1.0,,138,,,,,,,,
12.807705095998244,0.006522588515714152,0.0875244140625,0.30902743836243945,0.0,0.013397500000000001,4.0,0.6525000000000001,0.006551887602351296,0.2649356968080004,-0.005350710921144734,2.7028605202872313e-06,8.632157782647217e-07,668355.2979999998,1.0,659558.3124765626,1.12176296559331e-07,4701.958939277754,5696.0,1.0,,139,,,,,,,,
13.976485240997135,0.00696960795230576,0.0870361328125,0.2907263742138942,0.0,0.01335,4.0,0.65,0.008058639398465553,0.27331607478360337,-0.002837244925710062,1.4184066537599923e-05,1.383397003825356e-05,667891.44275,1.0,660616.8071484375,1.12176296559331e-07,4156.850270015155,5696.0,1.0,1.4407613277435303,140,674380.93175,670765.32175,668520.2700000001,70000042,666884.8842500001,best_of_k,670765.32175,1815.0507697480798
13.125670422999974,0.00563963829580653,0.06791178385416667,0.3128778462608655,0.0,0.013302500000000002,4.0,0.6475,0.025426732337412734,0.2676019237066309,0.013341530361988893,6.06683650161699e-06,9.544428198893229e-07,668341.6799999999,1.0,660015.107859375,1.12176296559331e-07,3845.927777180721,5696.0,1.0,,141,,,,,,,,
13.004251864000253,0.0055765093316513985,0.07206217447916667,0.28880124787489575,0.0,0.013255000000000001,4.0,0.645,0.014722883628564887,0.2583843506872654,0.003706927663491418,6.9982779441109715e-06,1.5620881758475017e-07,669496.0607500001,1.0,660868.7239921875,1.12176296559331e-07,4452.296791070766,5696.0,1.0,,142,,,,,,,,
13.095682621999003,0.006102964188452613,0.06595865885416667,0.2779311134169499,0.0,0.0132075,4.0,0.6425000000000001,0.011118262283465205,0.2614041632041335,0.0006740683262857298,5.23041786474702e-07,1.6296279733059768e-07,669832.3797500001,1.0,660807.6979375,1.12176296559331e-07,4516.816649171928,5696.0,1.0,,143,,,,,,,,
13.035820155000692,0.00810038710831229,0.08772786458333333,0.2861436481277148,0.0,0.013160000000000002,4.0,0.64,0.020586975224432535,0.2613096522788207,0.009718506344749281,4.087743089205749e-07,1.5955806779525497e-07,668328.2095000001,1.0,660369.9095703126,1.12176296559331e-07,4476.623318775166,5696.0,1.0,,144,,,,,,,,
13.126655097999901,0.006759133760346832,0.07938639322916667,0.2948973507930835,0.0,0.013112500000000001,4.0,0.6375,0.012505642972731342,0.2640058867012461,0.0012224266926447551,4.79649270819967e-07,1.5438915686634877e-07,668350.5455,1.0,661288.6767070312,1.12176296559331e-07,4115.158441050648,5696.0,1.0,,145,,,,,,,,
13.053899643000477,0.008910306493840281,0.10054524739583333,0.27930808005233604,0.0,0.013065,4.0,0.635,0.011023802052174384,0.2602758078525464,0.0004582646603618438,5.444843073002896e-06,1.8540772295239094e-07,671680.8319999999,1.0,661511.5932773438,1.12176296559331e-07,4138.663923183873,5696.0,1.0,,146,,,,,,,,
11.037808736000443,0.016268992187775666,0.154052734375,0.2871127898494403,1.0,0.013017500000000001,2.0,0.6325000000000001,0.03249316709116101,0.2607154653718074,0.02153081287785123,4.938269311101824e-06,1.7159021610998101e-07,669955.6392500001,1.0,661123.6242421875,1.12176296559331e-07,4455.301497612639,5696.0,1.0,,147,,,,,,,,
13.149507355999958,0.0060761616618023595,0.07373046875,0.2782126081486543,0.0,0.01297,4.0,0.63,0.007249924863572232,0.26421826519072056,-0.0032341160889094076,2.3863237560798702e-06,1.6529694383630536e-07,670629.48375,1.0,661479.2494296875,1.12176296559331e-07,4537.1766405883,5696.0,1.0,,148,,,,,,,,
13.211589276001177,0.007262743759362422,0.08964029947916667,0.26610945413510007,0.0,0.0129225,4.0,0.6275,0.011971525881866304,0.2571940974642833,0.0019885343693507216,1.0117318017440388e-05,1.9594409309912444e-07,667858.1895,1.0,660826.4054023437,1.12176296559331e-07,4196.920447053235,5696.0,1.0,,149,,,,,,,,
14.385818573999131,0.006820865359217739,0.08304850260416667,0.2724377711613973,0.0,0.012875000000000001,4.0,0.625,0.01438123891421128,0.25435367599129677,0.004025364983438824,7.993388964067094e-05,1.5903085011833202e-06,669335.53725,1.0,661036.5923164062,1.12176296559331e-07,4416.236531977759,5696.0,1.0,1.3233630657196045,150,,,,,,,,
13.188849595000647,0.010389157984884415,0.10575358072916667,0.260163395665586,0.0,0.0128275,4.0,0.6225,0.0160532785327329,0.2474601042146484,0.006015614247492825,0.0018025718844304113,4.706341186514843e-05,669924.24425,1.0,661799.8178476563,1.12176296559331e-07,4374.999838803718,5696.0,1.0,,151,,,,,,,,
13.136348831998475,0.00953127626434617,0.0992431640625,0.27456404951711494,0.0,0.01278,4.0,0.62,0.013609092241191926,0.2622218048200011,0.0032063306910761944,0.00023172658571487167,5.161252771538709e-06,670309.7747500001,1.0,661939.383765625,1.12176296559331e-07,4427.79732273485,5696.0,1.0,,152,,,,,,,,
13.163559714001167,0.006630893994961677,0.07548014322916667,0.26977543719112873,0.0,0.0127325,4.0,0.6174999999999999,0.009676985534800528,0.26515149511396885,-0.001095288365225618,0.00619306465318914,8.047395157007031e-05,671262.06625,1.0,662199.7474335937,1.12176296559331e-07,4485.181662727073,5696.0,1.0,,153,,,,,,,,
13.056771401999868,0.007390092881514931,0.0794677734375,0.2545993585760395,0.0,0.012685,4.0,0.615,0.015396384294338835,0.25990581636627513,0.005816294161680465,0.0011742107819448695,5.9211331333131056e-05,669947.2785,1.0,662150.403890625,1.12176296559331e-07,4192.436292139076,5696.0,1.0,,154,,,,,,,,
12.162179853999987,0.01424013913528673,0.1260308159722222,0.25614071554607815,1.0,0.0126375,3.0,0.6125,0.021750611401835665,0.24670917582180765,0.01204986781037102,5.081605675311746e-06,2.197334456847481e-05,670833.778,1.0,662763.6628320313,1.12176296559331e-07,3916.361394289149,5696.0,1.0,,155,,,,,,,,
13.073607230999187,0.006312365710292885,0.07364908854166667,0.26431247778236866,0.0,0.01259,4.0,0.61,0.010185020432497064,0.25166151237984496,0.00012090491751829784,4.182754814507916e-06,3.29829114053363e-05,670866.4347500001,1.0,663329.68525,1.12176296559331e-07,4019.571018888019,5696.0,1.0,,156,,,,,,,,
13.06492409600105,0.006272320440801356,0.07840983072916667,0.2618909835194548,0.0,0.012542500000000002,4.0,0.6074999999999999,0.011536347868968733,0.24766761157661676,0.0015429237391799688,1.1689301985029488e-05,8.153023783208369e-06,672949.7235,1.0,663550.6211367188,1.12176296559331e-07,3858.3642987574754,5696.0,1.0,,157,,,,,,,,
13.070359797002311,0.005305148552125161,0.064208984375,0.24381817101190487,0.0,0.012495,4.0,0.605,0.008455142121723233,0.23581373256941637,-0.0007904195905818293,9.22648046497443e-06,4.454246541977606e-07,672334.11025,1.0,663698.2458476562,1.12176296559331e-07,4188.062350644843,5696.0,1.0,,158,,,,,,,,
13.180783377996704,0.007499601890343636,0.08113606770833333,0.2327541612709562,0.0,0.0124475,4.0,0.6025,0.010158228809207989,0.22718073862294355,0.0013474277220666409,7.892960750173946e-06,2.7037871438058875e-07,671865.25625,1.0,663556.3840429687,1.12176296559331e-07,4381.155009108559,5696.0,1.0,,159,,,,,,,,
14.380601621996902,0.007509651248548484,0.0870361328125,0.23990224984784922,0.0,0.012400000000000001,4.0,0.6,0.009795387362828478,0.2366743857661883,0.0007344585610553622,4.359229293982025e-06,2.8360774440017167e-07,670867.17425,1.0,663585.0140546875,1.12176296559331e-07,4177.275070695424,5696.0,1.0,1.2306376695632935,160,674380.93175,673005.06875,671478.7795,70000042,670129.5112166665,best_of_k,673005.06875,1572.6542684329393
13.272564684000827,0.0066075370269977896,0.07804361979166667,0.24691881301502386,0.0,0.012352499999999999,4.0,0.5974999999999999,0.008775982986359546,0.23180274199694395,-0.0007068703804786006,1.2717416405886677e-06,2.559755888735064e-07,670802.314,1.0,663517.961875,1.12176296559331e-07,3759.6653508236786,5696.0,1.0,,161,,,,,,,,
13.241166970001359,0.007329448992626553,0.08512369791666667,0.23960973477611938,0.0,0.012305,4.0,0.595,0.013027912689722143,0.2310821662346522,0.003890529798809439,2.2560054813898964e-06,2.721969500167158e-07,671337.6005000001,1.0,663956.1452812501,1.12176296559331e-07,4303.35534248766,5696.0,1.0,,162,,,,,,,,
13.221854838997388,0.00480030299557536,0.0606689453125,0.2392249790330728,0.0,0.012257500000000001,4.0,0.5925,0.014293641448603012,0.2251374510427316,0.005091461023160567,4.1175597935705355e-06,2.83515692996635e-07,672998.30475,1.0,663621.9799023438,1.12176296559331e-07,4567.952400715207,5696.0,1.0,,163,,,,,,,,
13.178785285999766,0.006221706629728392,0.07014973958333333,0.24510604050010443,0.0,0.012210000000000002,4.0,0.5900000000000001,0.00832726228206108,0.23699836743374667,-0.0010345821889738243,1.7228552356603661e-06,2.404464426083071e-07,672205.586,1.0,663840.5944023437,1.12176296559331e-07,4366.044916552008,5696.0,1.0,,164,,,,,,,,
12.985133407997637,0.005104678359233598,0.061116536458333336,0.24257608751455942,0.0,0.012162500000000001,4.0,0.5875,0.009292366987210698,0.23293095113088688,-3.591664911558231e-06,7.164697564121525e-07,2.1074094499103543e-07,671525.8207500001,1.0,664042.5568046875,1.12176296559331e-07,3956.4989872435212,5696.0,1.0,,165,,,,,,,,
12.939608284003043,0.009140946637646863,0.08915201822916667,0.251293009147048,0.0,0.012115,4.0,0.585,0.01880919325534099,0.23436954524368048,0.009083757458332306,6.871098901702529e-07,2.0726343249085252e-07,671653.3012499999,1.0,663619.5033906251,1.12176296559331e-07,4078.4356193030794,5696.0,1.0,,166,,,,,,,,
12.963689361000434,0.008448970113226059,0.09297688802083333,0.2432261180753509,0.0,0.0120675,4.0,0.5825,0.014632674986690594,0.23311208623150984,0.005284207271567236,8.058988119804175e-07,3.227668816663254e-07,672412.1755,1.0,663753.5263554688,1.12176296559331e-07,4291.7772829607675,5696.0,1.0,,167,,,,,,,,
13.068525925998983,0.006683220111237158,0.08146158854166667,0.24520975165069103,0.0,0.012020000000000001,4.0,0.5800000000000001,0.012987985935372611,0.2374330231299003,0.00358020814989383,1.5209316413707559e-06,2.1659998032201124e-06,672024.07875,1.0,662846.5469257813,1.12176296559331e-07,4530.354204190599,5696.0,1.0,,168,,,,,,,,
13.035569747000409,0.013768077481483232,0.13330078125,0.24102460344632468,1.0,0.0119725,4.0,0.5775,0.012041960551869124,0.24004422314465046,0.0028643337815689542,7.517642822326328e-07,5.009922234104162e-07,672978.971,1.0,661569.3857382813,1.12176296559331e-07,4631.38759789142,5696.0,1.0,,169,,,,,,,,
13.976357800998812,0.006523598805998176,0.07466634114583333,0.24978058505803347,0.0,0.011925000000000002,4.0,0.575,0.011433393073578676,0.23296651927133402,0.0017222281506595512,8.769413166002474e-07,3.46311813596382e-07,671210.3347499999,1.0,662521.5270898438,1.12176296559331e-07,4258.920412306752,5696.0,1.0,1.2806086540222168,170,,,,,,,,
13.038921884999581,0.008164310482476603,0.09151204427083333,0.24124810099601746,0.0,0.011877500000000001,4.0,0.5725,0.008363011579300897,0.2321492883687218,-0.000942222618808349,7.004082368903634e-07,2.2520663112146622e-07,671546.12925,1.0,662701.7878945313,1.12176296559331e-07,4261.722634493635,5696.0,1.0,,171,,,,,,,,
13.04566110399901,0.007937760735594898,0.0909423828125,0.23507118007789055,0.0,0.01183,4.0,0.5700000000000001,0.012946910137543455,0.22892828844487667,0.0039013719263797006,8.581498095831345e-07,2.3147070808230788e-07,672176.4167500001,1.0,662851.7671796875,1.12176296559331e-07,4546.776224892687,5696.0,1.0,,172,,,,,,,,
13.177104554000834,0.00914620288589211,0.093994140625,0.2385956741248568,0.0,0.011782500000000001,4.0,0.5675,0.01527626526755436,0.2310150588552157,0.006068196264095604,1.059973975259254e-06,2.2789451303850683e-07,672129.1815,1.0,663025.686640625,1.12176296559331e-07,4743.103857818618,5696.0,1.0,,173,,,,,,,,
13.013109329000144,0.008696176121153698,0.09126790364583333,0.23556235618889332,0.0,0.011735,4.0,0.565,0.010125084426060008,0.2325233000641068,0.0010754191122638683,8.57393700925968e-07,2.443260657495709e-07,672485.6009999999,1.0,663655.291828125,1.12176296559331e-07,4686.439305707442,5696.0,1.0,,174,,,,,,,,
12.976518758998282,0.010996448962608577,0.10213216145833333,0.22578108124434948,1.0,0.0116875,4.0,0.5625,0.009297003819180341,0.21911899745464325,0.0005687415444602569,6.406663401274196e-07,1.9523537927076026e-07,672474.2819999999,1.0,664283.7376171874,1.12176296559331e-07,4501.702635178483,5696.0,1.0,,175,,,,,,,,
12.942456512999343,0.009833307860147281,0.10750325520833333,0.2248336368550857,0.0,0.011640000000000001,4.0,0.56,0.013618712211609818,0.2234872803092003,0.0049782612671454745,6.705936203369826e-07,1.866986544622288e-07,671838.959,1.0,663934.940265625,1.12176296559331e-07,4062.468882231508,5696.0,1.0,,176,,,,,,,,
12.978662745001202,0.008327156423024581,0.09611002604166667,0.24345678991327682,0.0,0.0115925,4.0,0.5575,0.011854637326905504,0.22722886626919112,0.0023157915275078267,5.738682779347452e-07,1.9788091550528483e-07,672472.5142499999,1.0,662707.3575312501,1.12176296559331e-07,5135.445964872839,5696.0,1.0,,177,,,,,,,,
13.090002725999511,0.007075944008182529,0.06315104166666667,0.23638472830255827,0.0,0.011545,4.0,0.5549999999999999,0.01293201232329011,0.22211339821418127,0.003676941715336094,4.60224645356296e-07,1.741181151852326e-07,671869.9705,1.0,663842.7811523438,1.12176296559331e-07,4361.763475525231,5696.0,1.0,,178,,,,,,,,
13.225212019999162,0.0074006241054132005,0.07527669270833333,0.22948337097962698,0.0,0.0114975,4.0,0.5525,0.009388119074477194,0.22955084467927614,0.0005530855075145761,4.639729163831892e-07,1.5750341830766956e-07,673694.0805000002,1.0,664627.6417226563,1.12176296559331e-07,4704.732124402681,5696.0,1.0,,179,,,,,,,,
14.321810956000263,0.0075372119749612665,0.07840983072916667,0.2436196602260073,0.0,0.01145,4.0,0.55,0.01256981847594337,0.2351585210611423,0.0030812736173781254,4.6772381345761005e-07,1.6023001858656016e-07,672487.7864999999,1.0,663965.0849804687,1.12176296559331e-07,4182.593033627816,5696.0,1.0,1.363990306854248,180,674380.93175,672612.79225,672633.6344999999,70000042,670121.2991166668,best_of_k,672612.79225,1885.848588476302
13.456843302999914,0.006476874995203256,0.07759602864583333,0.22819278171906868,0.0,0.011402500000000001,4.0,0.5475,0.009853779284943206,0.23529234497497478,0.0011269299041790266,4.5392120936090424e-07,1.7108643864579184e-07,671768.1610000001,1.0,663998.8912773437,1.12176296559331e-07,4171.660416433211,5696.0,1.0,,181,,,,,,,,
13.258853549999913,0.010412113826804514,0.10286458333333333,0.2463608058169484,0.0,0.011355,4.0,0.5449999999999999,0.01123856580913222,0.23988464350501695,0.0016442870158546914,4.4836084889254835e-07,1.6838584571132742e-07,670897.3235,1.0,662877.8279414063,1.12176296559331e-07,4333.7676506185935,5696.0,1.0,,182,,,,,,,,
13.142728226001054,0.005467038533474522,0.068603515625,0.2506855319564541,0.0,0.0113075,4.0,0.5425,0.014821322794887237,0.24452477352072796,0.0050518704326047255,4.822572054289745e-07,1.836936647237053e-07,671377.052,1.0,661590.5860859376,1.12176296559331e-07,4717.881098353411,5696.0,1.0,,183,,,,,,,,
13.064113255000848,0.004820236768606989,0.057861328125,0.24411765454957882,0.0,0.011260000000000001,4.0,0.54,0.01077768430695869,0.23344885371625423,0.0012003012428370614,4.77605185030446e-07,1.7362100616461854e-07,671599.7784999999,1.0,662241.8846914063,1.12176296559331e-07,4652.970940024974,5696.0,1.0,,184,,,,,,,,
13.263108130999171,0.0077019617863101075,0.0980224609375,0.2562876045703888,0.0,0.0112125,4.0,0.5375,0.012569308649593344,0.2357187227656444,0.0023977984092198312,4.79438463448408e-07,1.5453532202040302e-07,672387.7584999999,1.0,661897.67709375,1.12176296559331e-07,5090.117581739808,5696.0,1.0,,185,,,,,,,,
13.269339349000802,0.005871203576126878,0.072265625,0.23321693390607834,0.0,0.011165,4.0,0.5349999999999999,0.004379748541396111,0.22882788286854824,-0.004726365383248776,4.537128207952416e-07,1.6938981180677123e-07,670225.1032499999,1.0,661750.6408320313,1.12176296559331e-07,4402.590429204548,5696.0,1.0,,186,,,,,,,,
13.110388504999719,0.008741764605774213,0.09586588541666667,0.22621574035535255,0.0,0.0111175,4.0,0.5325,0.009000561961632533,0.2188843839491407,0.0001230894704349339,4.623158975647357e-07,1.722192720284473e-07,672892.5035000001,1.0,664498.1164492187,1.12176296559331e-07,4386.535852294645,5696.0,1.0,,187,,,,,,,,
13.12904820499898,0.007550501162214118,0.0836181640625,0.23095025991400084,0.0,0.011070000000000002,4.0,0.53,0.020398903545962337,0.21922428160905838,0.011278081413668891,4.253026055778264e-07,1.594179949530409e-07,672949.8869999999,1.0,664180.3131210937,1.12176296559331e-07,4827.291543247715,5696.0,1.0,,188,,,,,,,,
13.359290808999503,0.0061485549107874364,0.06632486979166667,0.21835247489313284,0.0,0.011022500000000001,4.0,0.5275000000000001,0.0054065534204710275,0.22027803771197796,-0.003083168499870226,3.50871825816057e-07,1.543613756815887e-07,672859.619,1.0,664773.3180585938,1.12176296559331e-07,4560.24769639735,5696.0,1.0,,189,,,,,,,,
14.457531375999679,0.0061857884366197284,0.07316080729166667,0.21233703258136907,0.0,0.010975,4.0,0.525,0.010280586269800551,0.21950523275882006,0.00207270485892271,3.379865904188743e-07,1.3074584614969353e-07,672449.4982500001,1.0,665128.4582109374,1.12176296559331e-07,4172.213228525293,5696.0,1.0,1.3262839317321777,190,,,,,,,,
13.161436493999645,0.005462401105915819,0.0670166015625,0.223542431058983,0.0,0.010927500000000001,4.0,0.5225,0.013688630254667563,0.22809501954664788,0.005003916933977355,3.0197404221610213e-07,1.3822433360862382e-07,672473.2037499999,1.0,664991.2092539063,1.12176296559331e-07,4250.901115471039,5696.0,1.0,,191,,,,,,,,
13.081909473999985,0.009748233109867796,0.1009521484375,0.22120078249524036,0.0,0.01088,4.0,0.52,0.009262973583342196,0.2219124073162675,0.0006172417973478636,3.1558817248367177e-07,1.3528633976041723e-07,673039.4615,1.0,665532.0066093751,1.12176296559331e-07,4099.723200658254,5696.0,1.0,,192,,,,,,,,
13.0495728470014,0.008879144031046948,0.08772786458333333,0.2166699863349398,0.0,0.0108325,4.0,0.5175000000000001,0.009123475004647238,0.2274760352447629,0.0007540193425181011,2.857929922347087e-07,1.2444991289347249e-07,673754.76975,1.0,665637.6453984375,1.12176296559331e-07,4389.8437160253725,5696.0,1.0,,193,,,,,,,,
13.29052376099935,0.007972740628106934,0.0751953125,0.2089191535487771,0.0,0.010785000000000001,4.0,0.515,0.012148405779347135,0.2188142150019606,0.0040622671658638865,2.9443405343461865e-07,1.2436235093578793e-07,673241.6942500001,1.0,665477.8584453125,1.12176296559331e-07,4558.673544767443,5696.0,1.0,,194,,,,,,,,
13.272482232001494,0.00609543868990207,0.06803385416666667,0.21136341989040375,0.0,0.0107375,4.0,0.5125,0.009281462524086237,0.21961674777170023,0.0010713433924441536,2.7014508437635715e-07,1.1071309720852203e-07,672197.9387500001,1.0,665186.8942304688,1.12176296559331e-07,3799.7320738346316,5696.0,1.0,,195,,,,,,,,
13.157678233001207,0.007105616473547609,0.07666015625,0.21029483526945114,0.0,0.010690000000000002,4.0,0.51,0.014114653492773263,0.22276005117843548,0.005981130331444244,3.1889916899766985e-07,1.0868554071545115e-07,672615.0134999999,1.0,665115.2721250001,1.12176296559331e-07,3996.270405234162,5696.0,1.0,,196,,,,,,,,
13.211894661999395,0.005530898101104261,0.06599934895833333,0.21614922614147267,0.0,0.010642500000000001,4.0,0.5075000000000001,-0.0026826354393657916,0.22067640100916228,-0.011141628104572495,2.8800994863094803e-07,1.0095226284552912e-07,672162.5542500002,1.0,664342.3504257813,1.12176296559331e-07,4076.2588478489574,5696.0,1.0,,197,,,,,,,,
13.167728611999337,0.007245668353907349,0.08447265625,0.2225282664100329,0.0,0.010595,4.0,0.505,0.008508925132143,0.2244223104789853,-0.0002398224314674735,2.547077008567082e-07,1.2626805008982464e-07,671989.43275,1.0,665014.0531445313,1.12176296559331e-07,4118.220256469219,5696.0,1.0,,198,,,,,,,,
13.199520264999592,0.007337382724273607,0.0887451171875,0.1986440330122908,0.0,0.010547500000000001,4.0,0.5025,0.015248359515680932,0.22648221037040153,0.007704883445209513,2.4048442289389033e-07,1.4362358517298426e-07,672592.51125,1.0,665317.9784609375,1.12176296559331e-07,4133.755456047239,5696.0,1.0,,199,,,,,,,,
14.23208361900106,0.006553120222521673,0.07767740885416667,0.19439101902147135,0.0,0.0105,4.0,0.5,-0.00559287201516175,0.21945386628309885,-0.013010292372200638,3.269120553521058e-07,4.203111923247367e-06,672936.226,1.0,665146.56021875,1.12176296559331e-07,4242.174559036657,5696.0,1.0,1.2173465490341187,200,674380.93175,674105.3925,674186.13325,70000042,671605.0774666666,best_of_k,674105.3925,1336.0531105409377
12.09177425499729,0.015584851352007453,0.09771050347222222,0.2195039689540863,1.0,0.010452500000000002,3.0,0.49750000000000005,0.007613163286199172,0.22726193484332827,-0.0009880951967918212,1.22277996676227e-06,2.7852360106174324e-06,672492.34925,1.0,665631.9343437501,1.12176296559331e-07,3931.923222615853,5696.0,1.0,,201,,,,,,,,
13.277441098001873,0.008732684672128658,0.1015625,0.22733891910562912,0.0,0.010405000000000001,4.0,0.495,0.009947162150638178,0.234566460053126,0.001020731918591385,3.7735835567431764e-07,2.1980182651759606e-07,673356.8397499999,1.0,665137.5727617188,1.12176296559331e-07,5020.082730995617,5696.0,1.0,,202,,,,,,,,
13.163740525000321,0.006670669721426492,0.0787353515625,0.22985642092923322,0.0,0.010357500000000002,4.0,0.49250000000000005,0.009347535175038502,0.23275834104667106,0.0002654150400000314,2.545252962467733e-07,1.3674390197948583e-07,673773.093,1.0,664612.0303515624,1.12176296559331e-07,4417.972517079898,5696.0,1.0,,203,,,,,,,,
13.16271746199709,0.005527691391284506,0.07027180989583333,0.2139271985118588,0.0,0.01031,4.0,0.49,0.011371015653518649,0.2307999183734258,0.0030541149511312446,2.577398922435729e-07,1.2355798236403834e-07,673151.289,1.0,665192.861078125,1.12176296559331e-07,4086.054891891423,5696.0,1.0,,204,,,,,,,,
13.315282296000078,0.009792940631441796,0.10135904947916667,0.22668652515858412,0.0,0.0102625,4.0,0.48750000000000004,0.013266592897707596,0.22649034888794026,0.004256541210149105,2.405455840441088e-07,1.1738288326531195e-07,673173.1715,1.0,664966.7038789063,1.12176296559331e-07,4270.827138362899,5696.0,1.0,,205,,,,,,,,
13.164110959998652,0.005581495753588683,0.06778971354166667,0.2214435376226902,0.0,0.010215,4.0,0.485,0.0061459222924895585,0.2224151361733675,-0.0026543823381265006,4.6675053866351845e-07,1.0311951204045045e-07,674623.6655,1.0,665884.0147265625,1.12176296559331e-07,4241.853615371701,5696.0,1.0,,206,,,,,,,,
13.327584962997207,0.006406654377988967,0.07771809895833333,0.21256446186453104,0.0,0.010167500000000001,4.0,0.48250000000000004,0.011240862513659522,0.2216886809716622,0.0028665652110551796,3.8936739284641436e-07,1.090539334391849e-07,673436.8382499999,1.0,665908.3290078125,1.12176296559331e-07,4038.074243380717,5696.0,1.0,,207,,,,,,,,
13.409936496998853,0.008938209875108516,0.0948486328125,0.22120376800497374,0.0,0.01012,4.0,0.48,0.011614309686895771,0.21923083532601595,0.0027726489352062345,2.437827125352972e-07,1.2752188135086348e-07,672719.2010000001,1.0,665666.4794296875,1.12176296559331e-07,4298.290162456628,5696.0,1.0,,208,,,,,,,,
13.187723029001063,0.006349667695190557,0.066650390625,0.22680102661252022,0.0,0.010072500000000002,4.0,0.47750000000000004,0.005414003807042415,0.22236875103165707,-0.0036863243634191654,2.461280027195774e-07,1.2324210763026144e-07,673414.7617500001,1.0,665856.63415625,1.12176296559331e-07,4342.444401413547,5696.0,1.0,,209,,,,,,,,
14.310337225000694,0.006304697483439388,0.07267252604166667,0.21929633617401123,0.0,0.010025000000000001,4.0,0.475,0.005848646299758305,0.2158379005268216,-0.002952478127554059,2.528849683732422e-07,1.1394244703311074e-07,674350.0585000002,1.0,665998.0969296875,1.12176296559331e-07,3922.756517717888,5696.0,1.0,1.033989429473877,210,,,,,,,,
13.292379588001495,0.0073591475732544724,0.08646647135416667,0.2201738509659966,0.0,0.009977500000000002,4.0,0.47250000000000003,0.010579564584380327,0.21256307481477657,0.0016916444680343072,2.632031182632962e-07,9.79115955720052e-08,673814.93325,1.0,665537.8421992189,1.12176296559331e-07,4269.740093939591,5696.0,1.0,,211,,,,,,,,
13.453336382000998,0.008718908150825358,0.10457356770833333,0.2119772539784511,0.0,0.00993,4.0,0.47,0.005510659636153529,0.2098479981844624,-0.0030044956462612995,2.539289537158614e-07,1.1702126216187973e-07,673096.98525,1.0,665687.8613164063,1.12176296559331e-07,4321.426343098601,5696.0,1.0,,212,,,,,,,,
13.124671977999242,0.004697790421623142,0.0616455078125,0.19725797356416783,0.0,0.0098825,4.0,0.4675,0.004474125036116068,0.21064000762999058,-0.0033072298974730074,2.43536026308296e-07,1.6415195958074946e-07,674790.7955,1.0,666091.1733984374,1.12176296559331e-07,4061.323265792966,5696.0,1.0,,213,,,,,,,,
13.223695033997501,0.009070044646107315,0.09611002604166667,0.19245117343962193,0.0,0.009835,4.0,0.46499999999999997,0.011835174145138202,0.21119767799973488,0.004289645313595732,2.76387795613194e-07,1.4255812663677148e-07,673809.7010000001,1.0,666201.5923984376,1.12176296559331e-07,4232.25744053788,5696.0,1.0,,214,,,,,,,,
13.285518336000678,0.008271312298507786,0.091552734375,0.19392477379490933,0.0,0.009787500000000001,4.0,0.4625,0.009045521166020384,0.21274869671712318,0.001430933305528015,3.986375508209979e-07,1.1745637245041962e-06,673344.56425,1.0,665882.5811796875,1.12176296559331e-07,4228.649297013396,5696.0,1.0,,215,,,,,,,,
13.322219031000714,0.006945844980581188,0.08329264322916667,0.21363746157536903,0.0,0.00974,4.0,0.45999999999999996,0.014072726466110907,0.2117633232846856,0.005453090455072622,4.449389499801744e-07,5.841629469038878e-07,674856.8010000001,1.0,665612.3001679687,1.12176296559331e-07,4462.884483498192,5696.0,1.0,,216,,,,,,,,
13.357633223997254,0.005731263281952319,0.061279296875,0.22360300676276287,0.0,0.009692500000000001,4.0,0.4575,0.010505331951814393,0.21087111563732228,0.0013689734526754667,2.4650969621120566e-07,1.0348140714692515e-07,673957.4307499999,1.0,665472.1464687501,1.12176296559331e-07,4282.698794863614,5696.0,1.0,,217,,,,,,,,
13.310850244000903,0.011201709186495693,0.10965983072916667,0.21561507508158684,1.0,0.009644999999999999,4.0,0.45499999999999996,0.015010746355983429,0.211173669124643,0.006266673871626456,2.3313105905013268e-07,1.3114949245126203e-07,674002.6690000001,1.0,665745.2170898437,1.12176296559331e-07,4557.465011392719,5696.0,1.0,,218,,,,,,,,
13.274647927999467,0.006254699060985895,0.06770833333333333,0.22429940042396387,0.0,0.0095975,4.0,0.4525,0.014664169895695522,0.2149098071580132,0.005511715018656105,2.2295856834849323e-07,1.1959606061040517e-07,672824.6259999999,1.0,664781.6014648438,1.12176296559331e-07,4494.871914334043,5696.0,1.0,,219,,,,,,,,
14.189803885998117,0.005833674237287312,0.07100423177083333,0.23342238646000624,0.0,0.00955,4.0,0.44999999999999996,0.009081053809495643,0.22670542417714992,-0.0004251719801686704,6.55994041309782e-07,1.5522843558694413e-07,672512.8757500001,1.0,663735.7620195313,1.12176296559331e-07,4928.01411932143,5696.0,1.0,1.0384047031402588,220,674856.8010000001,673120.2324999999,671487.5157500001,70000042,669371.9441583332,best_of_k,673120.2324999999,2543.3888380555813
