scenario_index,scenario_id,family,switch_day,method_c_objective,two_stage_gurobi_objective,method_c_prefix_oracle_objective,clairvoyant_gurobi_objective,static_no_replan_objective,prefix_advantage_absolute,prefix_advantage_percent,adaptation_gap_absolute,adaptation_gap_percent,final_advantage_absolute,final_advantage_percent,clairvoyant_gap_percent,two_stage_replanning_gain_percent,method_c_beats_two_stage,method_c_prefix_beats_static_gurobi_prefix,two_stage_proven_optimal,method_c_prefix_oracle_proven_optimal,clairvoyant_proven_optimal,two_stage_runtime_seconds,method_c_prefix_oracle_runtime_seconds,clairvoyant_runtime_seconds,R_retrain_objective,R_retrain_final_advantage_absolute,R_retrain_final_advantage_percent,R_retrain_beats_two_stage,R_retrain_online_training_seconds,R_retrain_inference_runtime_seconds
0,test_000_pilot_rank_flip,heldout_rank_flip,15,13935.527562500001,14570.399000000001,14477.613500000005,14804.938312500002,12199.350187500002,-92.78549999999632,-0.6368082301658061,542.0859375000036,3.7443045257424745,-634.8714375,-4.357268716525882,5.872437504626049,19.43586155047407,False,False,True,True,True,3.5375946999993175,3.162644599971827,11.608599299972411,14360.628499999999,-209.77050000000236,-1.4397031954993293,False,31.51063293299967,1.008275693000087
1,test_001_id_no_shock,no_shock,20,15472.606500000002,15555.198750000001,15497.505250000002,15555.198750000001,15555.198750000001,-57.6934999999994,-0.3708952931250679,24.89875000000029,0.16066295573605494,-82.5922499999997,-0.5309623575205021,0.5309623575205021,0.0,False,False,True,True,True,1.1733286999515258,1.2546012999955565,11.015423499979079,,,,,,
2,test_002_id_mixed,mixed,24,17714.1482275426,19442.82018559503,19502.809955578792,20097.520225562555,17465.167804992423,59.989769983763836,0.3085445908110059,1788.6617280361934,9.171302659002457,-1728.6719580524295,-8.891055626452708,11.85903520071339,11.323408985725822,False,True,True,True,True,0.40565129998140037,0.43302009999752045,9.562805800000206,,,,,,
3,test_003_id_boost_only,boost_only,20,18825.35679186133,19868.046322306767,20100.06264282234,21447.394339864957,17446.86975765502,232.01632051557317,1.1677862873466216,1274.7058509610106,6.341800389444077,-1042.6895304454374,-5.248072777416278,12.225436369815622,13.877426714837652,False,True,True,True,True,1.3188470000168309,1.2627947000437416,9.805094699957408,,,,,,
4,test_004_id_suppress_only,suppress_only,20,14961.921829572075,15120.202013070013,15134.675763070016,15234.619024632788,15069.048215460933,14.473750000002838,0.0957245808454915,172.75393349794103,1.1414445621588825,-158.2801834979382,-1.0468126243361011,1.7899836853142843,0.3394626978271677,False,True,True,True,True,1.3741083000204526,1.297560099978,10.03027689998271,,,,,,
5,test_005_id_concentrated,concentrated,6,20586.122101719997,21537.904251768727,21723.008969046026,23114.959644880757,19872.352401419463,185.10471727729964,0.8594369958818001,1136.8868673260295,5.2335607325210995,-951.7821500487298,-4.419102893776529,10.940263716708753,8.38125158363383,False,True,True,True,True,6.038898999977391,6.076601499982644,10.211922799993772,,,,,,
6,test_006_id_distributed,distributed,15,16367.745502729971,16552.811890249443,16556.192162753516,16747.06773028118,15975.37711931692,3.3802725040732184,0.020421137668243505,188.4466600235446,1.1382246483433145,-185.0663875194714,-1.1180359490974832,2.265006827824171,3.6145298268690453,False,True,True,True,True,3.4856310000177473,3.3628916000016034,11.023604299989529,,,,,,
7,test_007_id_no_shock,no_shock,18,15483.1185,15555.198750000001,15512.638750000002,15555.198750000001,15555.198750000001,-42.55999999999949,-0.27360627584394887,29.520250000001397,0.190298056157605,-72.08025000000089,-0.4633836645770976,0.4633836645770976,0.0,False,False,True,True,True,1.9187288000248373,2.145993800018914,11.286601200001314,,,,,,
8,test_008_id_mixed,mixed,9,21192.0796602607,21515.5680079652,21542.7040079652,22784.30414319225,19907.508983876025,27.135999999998603,0.1261226289259604,350.6243477044991,1.6275781702002647,-323.4883477045005,-1.5035082856503859,6.9882515301977834,8.077650626161287,False,True,True,True,True,6.461357299995143,4.792862500005867,11.077790300012566,,,,,,
9,test_009_id_boost_only,boost_only,7,17148.174804943123,17509.78376540256,17511.478209986366,17528.01420998637,15648.962919088788,1.694444583805307,0.009677130263329387,363.3034050432434,2.074658693496591,-361.6089604594381,-2.065182330657551,2.16704185935015,11.891017033748104,False,True,True,True,True,7.307525699958205,5.957554100023117,9.066277300007641,17428.032770644724,-81.75099475783645,-0.4668875175909801,False,37.05199538099987,1.1436890820000372
10,test_010_id_suppress_only,suppress_only,22,13019.824000000004,13808.782750000002,13555.609750000003,14331.0795,12355.846699792131,-253.17299999999886,-1.8334201108348875,535.7857499999991,3.9525020259601304,-788.958749999998,-5.713456169769908,9.149732928353345,11.759097417680929,False,False,True,True,True,0.43284920003497973,0.427942999987863,10.638940299977548,,,,,,
11,test_011_id_concentrated,concentrated,18,15370.043750000004,15435.462000000001,15459.721500000003,15532.476250000002,15102.59737634089,24.259500000001935,0.15716730733425363,89.67774999999892,0.5800735155545907,-65.41824999999699,-0.42381789414529336,1.0457604916665952,2.2040223636006098,False,True,True,True,True,2.193294099997729,2.0248036999837495,11.650455299997702,,,,,,
12,test_012_id_distributed,distributed,10,15027.018682606846,15169.047694167682,15132.93568933558,15276.01742423524,14843.731890248466,-36.112004832102684,-0.23806375693569293,105.91700672873412,0.6999105058205958,-142.0290115608368,-0.9363080295109446,1.6299977586655596,2.1916038791628383,False,False,True,True,True,5.4619734000298195,4.372628399985842,10.202955199987628,,,,,,
13,test_013_id_no_shock,no_shock,16,15483.1185,15555.198750000001,15512.638750000002,15555.198750000001,15555.198750000001,-42.55999999999949,-0.27360627584394887,29.520250000001397,0.190298056157605,-72.08025000000089,-0.4633836645770976,0.4633836645770976,0.0,False,False,True,True,True,2.776266200002283,2.989339599967934,12.736635799985379,,,,,,
14,test_014_id_mixed,mixed,11,16055.537945935766,16270.309646958629,16124.025751011792,16295.28598045133,14512.122673637745,-146.28389594683722,-0.8990848921807811,68.48780507602532,0.42475623726740624,-214.77170102286254,-1.3200222102903205,1.4712723348530232,12.115298449859097,False,False,True,True,True,5.188741599966306,5.157536099955905,12.177113900019322,,,,,,
15,test_015_id_boost_only,boost_only,14,16632.158741415682,17090.80806221268,17051.704062212677,17326.488088984705,16070.930289319445,-39.104000000003,-0.22880135250281639,419.54532079699493,2.4604304605938228,-458.6493207969979,-2.683602314925409,4.007328802023311,6.346102898417981,False,False,True,True,True,2.8770056000212207,2.94503939995775,10.585015600023326,,,,,,
16,test_016_id_suppress_only,suppress_only,19,15476.166500000003,15555.198750000001,15503.484250000005,15555.198750000001,15555.198750000001,-51.714499999996406,-0.33245798289781675,27.31775000000198,0.17620393944672127,-79.03224999999838,-0.508076118281667,0.508076118281667,0.0,False,False,True,True,True,1.7278743000351824,1.8131496999994852,11.388352999987546,,,,,,
17,test_017_id_concentrated,concentrated,26,15472.606500000002,15555.198750000001,15472.606500000002,15555.198750000001,15555.198750000001,-82.5922499999997,-0.5309623575205021,0.0,0.0,-82.5922499999997,-0.5309623575205021,0.5309623575205021,0.0,False,False,True,True,True,0.42511589999776334,0.44473639997886494,12.92818270000862,,,,,,
18,test_018_id_distributed,distributed,16,15713.043280205515,16023.88405466397,16084.385704878343,16443.90031764903,15297.04298256803,60.50165021437351,0.3775716924060224,371.3424246728282,2.308713751873043,-310.8407744584547,-1.9398591090527784,4.444547968094256,4.751513563269858,False,True,True,True,True,2.7855997000006028,2.58461860002717,11.35078199999407,16047.385708480317,23.501653816347243,0.14666639958310712,True,30.071692693000386,0.9225857070000529
19,test_019_id_no_shock,no_shock,9,15483.1185,15555.198750000001,15514.542750000004,15555.198750000001,15555.198750000001,-40.65599999999722,-0.2613659950824943,31.424250000003667,0.20254705862990166,-72.08025000000089,-0.4633836645770976,0.4633836645770976,0.0,False,False,True,True,True,4.9959360000211746,4.677793999959249,11.521613299963064,,,,,,
20,test_020_id_mixed,mixed,11,19913.230854717513,20736.731554159633,20640.251263238297,21306.80322124359,19016.67248499438,-96.48029092133584,-0.4652627665519575,727.0204085207843,3.522342820582119,-823.5006994421201,-3.971217437479592,6.540504232641711,9.045005484121964,False,False,True,True,True,4.66021219996037,5.194496100011747,10.244155700027477,,,,,,
21,test_021_id_boost_only,boost_only,21,18567.886000208346,19739.05910465015,19827.01202005391,20994.67163792375,17865.565650804594,87.9529154037591,0.4455780538345876,1259.1260198455639,6.350558614540752,-1171.1731044418048,-5.933277256188459,11.559054981035182,10.48661705128369,False,True,True,True,True,0.43321290001040325,0.46349180000834167,9.900509099999908,,,,,,
22,test_022_id_suppress_only,suppress_only,4,13763.270721420677,13821.012908963454,14251.192133129785,14261.384133129786,12933.227435207813,430.17922416633155,3.1125014280779952,487.9214117091087,3.423723483278543,-57.742187542777174,-0.41778549751103383,3.492742408865992,6.864376878882094,False,True,True,True,True,9.061342099972535,11.576160900003742,10.57412760000443,,,,,,
23,test_023_id_concentrated,concentrated,19,14281.076500000005,14799.781500000006,14833.161,15188.126750000001,13628.324680433847,33.37949999999364,0.2255404919322196,552.0844999999954,3.721961219189864,-518.7050000000017,-3.5048152569009314,5.972100871491585,8.595750739986531,False,True,True,True,True,2.287918299960438,2.119161999959033,15.438338999985717,,,,,,
24,test_024_id_distributed,distributed,14,19676.837781290975,19967.6877100438,20054.106464041117,20247.98872556858,19693.2328234167,86.41875399731725,0.4327929966264867,377.26868275014203,1.8812540136187068,-290.8499287528248,-1.4566029526119166,2.820778656185101,1.3936507483969456,False,True,True,True,True,3.3478714000084437,3.729838000028394,12.634709800011478,,,,,,
25,test_025_id_no_shock,no_shock,24,15472.606500000002,15555.198750000001,15472.606500000002,15555.198750000001,15555.198750000001,-82.5922499999997,-0.5309623575205021,0.0,0.0,-82.5922499999997,-0.5309623575205021,0.5309623575205021,0.0,False,False,True,True,True,0.45403699995949864,0.4515716000460088,11.27638689999003,,,,,,
26,test_026_id_mixed,mixed,7,22031.67826115201,23738.916382133822,23697.611448849006,24625.833508381977,22436.229959349377,-41.3049332848168,-0.17399670911644205,1665.9331876969954,7.0299624554689455,-1707.2381209818122,-7.19172726126075,10.534284032851051,5.80617343085131,False,False,True,True,True,6.040734000038356,5.970898800005671,11.290072300005704,,,,,,
27,test_027_id_boost_only,boost_only,25,15472.606500000002,15555.198750000001,15472.606500000002,15555.198750000001,15555.198750000001,-82.5922499999997,-0.5309623575205021,0.0,0.0,-82.5922499999997,-0.5309623575205021,0.5309623575205021,0.0,False,False,True,True,True,0.4386574999662116,0.4444423000095412,11.501877099974081,15476.166500000003,-79.03224999999838,-0.508076118281667,False,21.67880206200016,0.7220294489998196
28,test_028_id_suppress_only,suppress_only,22,14870.52475,15093.148500000001,14883.219000000001,15307.18275,14647.97160227964,-209.9295000000002,-1.390892695450523,12.694250000000466,0.08529236853936278,-222.62375000000065,-1.474998738666095,2.8526346561061304,3.0391709501340025,False,False,True,True,True,0.47001029999228194,0.43040020001353696,10.396832500002347,,,,,,
29,test_029_id_concentrated,concentrated,18,16221.947037345952,16501.57492300312,16467.990923003123,16532.834173003124,15555.198750000001,-33.58399999999892,-0.203519967983074,246.0438856571709,1.494073483569191,-279.6278856571698,-1.6945527136768612,1.8804225119781819,6.083986377886172,False,False,True,True,True,1.8043662999989465,1.918825000000652,14.343433499976527,,,,,,
30,test_030_id_distributed,distributed,10,15864.908618282017,16116.270707475216,16102.209305662442,16387.184996042597,15966.484820527334,-14.06140181277442,-0.08724972462923643,237.30068738042428,1.4737150839107278,-251.3620891931987,-1.5596789961874327,3.1871024699282158,0.9381268866100688,False,False,True,True,True,5.849329000047874,5.462550199998077,13.434785199991893,,,,,,
31,test_031_id_no_shock,no_shock,22,15472.606500000002,15555.198750000001,15472.606500000002,15555.198750000001,15555.198750000001,-82.5922499999997,-0.5309623575205021,0.0,0.0,-82.5922499999997,-0.5309623575205021,0.5309623575205021,0.0,False,False,True,True,True,0.44221499998820946,0.41388629999710247,11.257149800017942,,,,,,
32,test_032_id_mixed,mixed,16,19724.981693249378,21860.20020107644,21840.510201076442,22395.45901075949,21327.358193240452,-19.68999999999869,-0.09007236813425484,2115.5285078270645,9.686259562392447,-2135.218507827063,-9.767607287155222,11.92419104349292,2.498396674393873,False,False,True,True,True,2.9421911000390537,2.922722099989187,11.478347099968232,,,,,,
33,test_033_id_boost_only,boost_only,9,22379.096895193303,23044.379710055357,23100.178158265437,24085.229177996334,21389.894670142567,55.798448210080096,0.2421347370254127,721.0812630721339,3.1215398345926824,-665.2828148620538,-2.8869634298369045,7.08372866288402,7.734891010109694,False,True,True,True,True,6.2553866999805905,5.652491700020619,11.18900949996896,,,,,,
34,test_034_id_suppress_only,suppress_only,4,15480.270500000002,15555.198750000001,15539.406750000002,15555.198750000001,15555.198750000001,-15.791999999999462,-0.10152232866841036,59.13624999999956,0.3805566773004353,-74.92824999999903,-0.4816926559681471,0.4816926559681471,0.0,False,False,True,True,True,8.07896209997125,8.547592499991879,11.718418800039217,,,,,,
35,test_035_id_concentrated,concentrated,22,15472.606500000002,15555.198750000001,15472.606500000002,15555.198750000001,15555.198750000001,-82.5922499999997,-0.5309623575205021,0.0,0.0,-82.5922499999997,-0.5309623575205021,0.5309623575205021,0.0,False,False,True,True,True,0.4536402000230737,0.45258710003690794,11.87034899997525,,,,,,
36,test_036_id_distributed,distributed,13,15754.202274647512,16130.65189166902,15922.082404243334,16346.93101161378,15660.272131421216,-208.56948742568602,-1.2930009823930655,167.88012959582193,1.0543855089650889,-376.44961702150795,-2.3337532763690256,3.6259328221619107,3.0036499768354665,False,False,True,True,True,3.1634710999787785,3.3887180000310764,12.697144199977629,15892.754156839386,-237.89773482963392,-1.4748178587407288,False,33.5022503389996,0.983548255000187
37,test_037_id_no_shock,no_shock,7,15483.1185,15555.198750000001,15539.406750000002,15555.198750000001,15555.198750000001,-15.791999999999462,-0.10152232866841036,56.288250000001426,0.36222907930511195,-72.08025000000089,-0.4633836645770976,0.4633836645770976,0.0,False,False,True,True,True,9.215758900041692,8.704706499993335,11.808026299986523,,,,,,
38,test_038_id_mixed,mixed,6,23849.412198833168,25746.425770716174,25645.78550560955,26976.33369827074,23182.486094903958,-100.6402651066237,-0.39089023852425886,1796.3733067763824,7.004555607717527,-1897.013571883006,-7.368065722119214,11.591350901913023,11.059813280232397,False,False,True,True,True,9.377635699987877,8.388827299990226,9.989682500017807,,,,,,
39,test_039_id_boost_only,boost_only,21,19382.374756379555,20696.784693970705,20825.207107021568,22355.525693449137,19254.978644220246,128.42241305086281,0.6204945113444325,1442.832350642013,6.928297727015343,-1314.40993759115,-6.350792922796641,13.299400684372221,7.487964938269331,False,True,True,True,True,0.45573870005318895,0.4133004000177607,13.211271999985911,,,,,,
40,test_040_id_suppress_only,suppress_only,8,15026.914926124009,15007.778153617664,15040.63724605276,15056.133246052763,14995.301647052138,32.85909243509559,0.21894708263111431,13.722319928750949,0.09123496368049307,19.13677250634464,0.12751236265930324,0.1940625753721586,0.08320277150262735,True,True,True,True,True,5.418803999957163,7.338538100011647,10.440222800010815,,,,,,
41,test_041_id_concentrated,concentrated,23,15350.743672690212,15925.224204367807,15741.310954367807,16096.252954367805,14253.903783382904,-183.9132499999996,-1.1548550126506714,390.567281677595,2.4811610850570402,-574.4805316775946,-3.6073622845449926,4.631570364799059,11.725352200941021,False,False,True,True,True,0.46517390001099557,0.41433579998556525,14.526976499997545,,,,,,
42,test_042_id_distributed,distributed,18,17941.438580274116,18246.87865497658,18168.681271765392,18417.059925116708,18107.37176128331,-78.19738321118712,-0.42855210849916997,227.24269149127576,1.2507384993561248,-305.4400747024629,-1.6739305416444932,2.5825041932667627,0.7704425331983255,False,False,True,True,True,2.2474024000111967,2.086799599986989,13.409323200001381,,,,,,
43,test_043_id_no_shock,no_shock,9,15483.1185,15555.198750000001,15514.542750000004,15555.198750000001,15555.198750000001,-40.65599999999722,-0.2613659950824943,31.424250000003667,0.20254705862990166,-72.08025000000089,-0.4633836645770976,0.4633836645770976,0.0,False,False,True,True,True,4.278426499979105,4.485331700008828,11.039182300039101,,,,,,
44,test_044_id_mixed,mixed,25,18857.814278382542,19512.34329288288,19462.326680355298,19739.978367445623,18832.21397781043,-50.016612527582765,-0.25633319267105303,604.5124019727555,3.1060644079257624,-654.5290145003382,-3.35443572653356,4.468921255343978,3.6115207477667433,False,False,True,True,True,0.4308483999921009,0.3783384999842383,12.541234300006181,,,,,,
45,test_045_id_boost_only,boost_only,19,16340.947808919806,16607.3286017383,16348.273772780045,16902.266602265576,16008.966247579496,-259.0548289582548,-1.5598825986446692,7.325963860239426,0.04481184963049244,-266.3807928184942,-1.6039954360306448,3.320967575263138,3.7376701587416643,False,False,True,True,True,1.7225818000151776,1.473890700028278,13.46926749998238,16339.726814943097,-267.6017867952032,-1.6113475755949886,False,27.508102693999717,0.878228599999602
46,test_046_id_suppress_only,suppress_only,13,14379.281159862168,14688.579989696302,14665.012989696306,14871.376500000002,14427.900148707085,-23.56699999999546,-0.16044437254334432,285.7318298341379,1.9483912495331177,-309.29882983413336,-2.1057095379614594,3.309010031034005,1.8067760263268549,False,False,True,True,True,3.049943100020755,3.3159576000180095,10.589530700002797,,,,,,
47,test_047_id_concentrated,concentrated,8,20271.22657285452,20802.88087785083,20879.939205432835,21638.148161956386,18546.075751526594,77.05832758200631,0.37042142400599715,608.7126325783138,2.915298874145814,-531.6543049963075,-2.5556763417434585,6.317183794430015,12.168639644095428,False,True,True,True,True,4.656794800015632,5.415893499972299,10.65624659997411,,,,,,
48,test_048_id_distributed,distributed,4,16696.833887462955,17215.36237576411,16878.203686995257,17406.26723605586,16471.549969320993,-337.1586887688536,-1.9584756998406703,181.36979953230184,1.0745799902394129,-518.5284883011554,-3.0120103020958937,4.075735130179802,4.515740217699621,False,False,True,True,True,7.8495280999923125,9.072696099989116,9.10822419996839,,,,,,
49,test_049_id_no_shock,no_shock,7,15483.1185,15555.198750000001,15539.406750000002,15555.198750000001,15555.198750000001,-15.791999999999462,-0.10152232866841036,56.288250000001426,0.36222907930511195,-72.08025000000089,-0.4633836645770976,0.4633836645770976,0.0,False,False,True,True,True,8.097597199957818,8.16720639995765,11.042993200011551,,,,,,
50,test_050_id_mixed,mixed,8,15176.48082788285,15793.203232861313,15943.077959439963,16232.274848589512,14684.489863197092,149.87472657864964,0.9489824475050226,766.5971315571132,4.808338349140468,-616.7224049784636,-3.9049861885854407,6.504288712178901,7.550234158579298,False,True,True,True,True,5.154693399963435,5.208751900005154,13.5267923999927,,,,,,
51,test_051_id_boost_only,boost_only,9,15556.284853589295,15609.76520883641,15569.109208836413,15609.76520883641,15587.269924687365,-40.65599999999722,-0.26045234797626926,12.824355247117637,0.08237051378532972,-53.48035524711486,-0.342608325824405,0.342608325824405,0.14431830755311745,False,False,True,True,True,6.014362300047651,6.293165599985514,13.704823799955193,,,,,,
52,test_052_id_suppress_only,suppress_only,19,14909.45905046419,15037.268359931732,15009.407797834476,15107.369092251329,15035.579643716897,-27.86056209725575,-0.1852767499414517,99.94874737028658,0.6659073343633649,-127.80930946754233,-0.8499503128380864,1.3100232117096349,0.011231467325171033,False,False,True,True,True,1.4090561000048183,1.614547900040634,12.19790260004811,,,,,,
53,test_053_id_concentrated,concentrated,9,20022.034496685526,20346.18743990955,20346.28343990955,20380.595439909554,17111.282990579333,0.09600000000136788,0.0004718328693515401,324.2489432240254,1.5936519521201895,-324.15294322402406,-1.5931876386245711,1.7593251594695232,18.905095842966325,False,True,True,True,True,5.463374399987515,3.853461100021377,9.816042400023434,,,,,,
54,test_054_id_distributed,distributed,8,14421.009127791773,14570.039421868521,14599.712327565181,14667.842466597998,14223.132983813877,29.672905696659654,0.20365700350901508,178.70319977340841,1.2240186365590606,-149.03029407674876,-1.0228544327276536,1.6828196741839916,2.4390297021720078,False,True,True,True,True,5.805997000017669,8.615201500011608,11.296972099982668,14515.202933105089,-54.8364887634325,-0.37636472473181576,False,36.368599607000306,1.1555998499998168
55,test_055_id_no_shock,no_shock,20,15472.606500000002,15555.198750000001,15497.505250000002,15555.198750000001,15555.198750000001,-57.6934999999994,-0.3708952931250679,24.89875000000029,0.16066295573605494,-82.5922499999997,-0.5309623575205021,0.5309623575205021,0.0,False,False,True,True,True,1.2141041999566369,1.23013759998139,11.070750100014266,,,,,,
56,test_056_id_mixed,mixed,24,21581.639421091313,22865.225792301615,22914.482905287485,23928.898288579185,21639.649572443024,49.25711298586975,0.21542368937574147,1332.8434841961716,5.8165985665276345,-1283.5863712103019,-5.613705208380083,9.809306049865967,5.6635677752346725,False,True,True,True,True,0.427878399961628,0.3834084999980405,13.789006499981042,,,,,,
57,test_057_id_boost_only,boost_only,13,22388.629271559115,22929.519246346572,22789.18174634657,23432.761098035782,20906.920293784126,-140.33750000000146,-0.6120385625719643,400.55247478745514,1.7576430748842897,-540.8899747874566,-2.3589241840455863,4.455863404693653,9.674303647504644,False,False,True,True,True,2.4005570000153966,2.878707099996973,9.739891499979421,,,,,,
58,test_058_id_suppress_only,suppress_only,24,15472.606500000002,15555.198750000001,15472.606500000002,15555.198750000001,15555.198750000001,-82.5922499999997,-0.5309623575205021,0.0,0.0,-82.5922499999997,-0.5309623575205021,0.5309623575205021,0.0,False,False,True,True,True,0.42151640000520274,0.4097404000349343,10.923593199986499,,,,,,
59,test_059_id_concentrated,concentrated,23,15833.198288619373,15946.577158768969,15833.198288619373,16003.352408768971,15555.198750000001,-113.37887014959597,-0.7109918888596686,0.0,0.0,-113.37887014959597,-0.7109918888596686,1.0632404748917679,2.5160617685387487,False,False,True,True,True,0.429889400023967,0.469971299986355,12.026681099960115,,,,,,
60,test_060_id_distributed,distributed,26,15516.68763499318,15701.82665332619,15516.68763499318,17753.01595746442,15555.198750000001,-185.13901833300952,-1.179092231882401,0.0,0.0,-185.13901833300952,-1.179092231882401,12.596892425655453,0.9426295715198686,False,False,True,True,True,0.4244717000401579,0.34897589997854084,9.961224799975753,,,,,,
61,test_061_id_no_shock,no_shock,25,15472.606500000002,15555.198750000001,15472.606500000002,15555.198750000001,15555.198750000001,-82.5922499999997,-0.5309623575205021,0.0,0.0,-82.5922499999997,-0.5309623575205021,0.5309623575205021,0.0,False,False,True,True,True,0.4119760999456048,0.4212093999958597,11.225186399999075,,,,,,
62,test_062_id_mixed,mixed,11,24148.858557468975,25396.056262371312,25785.398700736274,27433.019050454426,20993.583833823846,389.3424383649617,1.5330822799516335,1636.5401432672988,6.346770752939992,-1247.1977049023371,-4.910989690750836,11.971560574303794,20.970561593463692,False,True,True,True,True,3.3571674999548122,3.996537300001364,8.576552999962587,,,,,,
63,test_063_id_boost_only,boost_only,26,15895.003525173765,16219.053473098973,15895.003525173765,16851.611941469007,15555.198750000001,-324.04994792520847,-1.997958441056254,0.0,0.0,-324.04994792520847,-1.997958441056254,5.6766582307843745,4.26773539681691,False,False,True,True,True,0.37105829996289685,0.41137330001220107,9.734508899971843,15900.643525173768,-318.4099479252054,-1.963184525245707,False,21.04137918000015,0.7104471010002271
64,test_064_id_suppress_only,suppress_only,23,14445.933171989034,14878.132518184053,14806.914881063349,15102.636999999997,14624.718390886805,-71.21763712070424,-0.4786732275281326,360.9817090743145,2.4379265496823797,-432.19934619501873,-2.904930075510382,4.348272609683745,1.7327795347851616,False,False,True,True,True,0.4743087000097148,0.41949529998237267,11.11753960000351,,,,,,
65,test_065_id_concentrated,concentrated,26,16113.120180261518,16302.734024570052,16155.193274570054,16594.73477457005,15555.198750000001,-147.5407499999983,-0.905006177354288,42.07309430853638,0.2604307704245407,-189.61384430853468,-1.1630800332187552,2.9022132673464807,4.805694138559631,False,False,True,True,True,0.4119487999705598,0.3556302000069991,11.983313300006557,,,,,,
66,test_066_id_distributed,distributed,9,15855.542374113405,16044.313312891194,15974.641273561963,16147.372694960395,15862.0357854249,-69.67203932923076,-0.4342475615534824,119.09889944855786,0.7455497585768425,-188.77093877778861,-1.176559788483537,1.8072929036812913,1.1491433377913778,False,False,True,True,True,5.618225199985318,4.7760103000327945,10.810393100022338,,,,,,
67,test_067_id_no_shock,no_shock,21,15472.606500000002,15555.198750000001,15472.606500000002,15555.198750000001,15555.198750000001,-82.5922499999997,-0.5309623575205021,0.0,0.0,-82.5922499999997,-0.5309623575205021,0.5309623575205021,0.0,False,False,True,True,True,0.46355080005014315,0.462686599988956,11.2857151000062,,,,,,
68,test_068_id_mixed,mixed,21,15474.153468199416,15528.798218199414,15474.153468199416,15547.591218199415,15435.01683756029,-54.64474999999766,-0.3518929747954043,0.0,0.0,-54.64474999999766,-0.3518929747954043,0.47234165710528664,0.607588456987699,False,False,True,True,True,0.4703355999663472,0.4105025000171736,9.044364100031089,,,,,,
69,test_069_id_boost_only,boost_only,19,18635.13120579321,19788.26539767927,20164.119540861866,20973.130577239343,17645.00355371421,375.85414318259427,1.8993789280119202,1528.9883350686578,7.582718064977832,-1153.1341918860635,-5.827363686062654,11.14759364528727,12.146565102356766,False,True,True,True,True,1.5976031000027433,1.60469710000325,10.541348900005687,,,,,,
70,test_070_ood_rank_flip,ood_rank_flip,12,15488.014873729784,16229.635207785084,16136.849707785086,16396.948207785084,10619.85080723654,-92.78549999999814,-0.5717041622444508,648.834834055302,4.0208271490703495,-741.6203340553002,-4.56954407514691,5.5433079530235325,52.82357071086107,False,False,True,True,True,2.8657083000289276,2.8430918999947608,14.374646799988113,,,,,,
71,test_071_ood_extreme_single_boost,ood_extreme_single_boost,20,16396.09805350341,16539.642724877158,16462.427224877156,16601.846974877153,15555.198750000001,-77.21550000000207,-0.4668510758328702,66.32917137374534,0.40291246526218305,-143.5446713737474,-0.867882539916312,1.2393134431674586,6.328713574792198,False,False,True,True,True,1.1898609999916516,1.1692574999760836,14.60808510001516,,,,,,
72,test_072_ood_top_reward_collapse,ood_top_reward_collapse,7,11197.42892365952,11500.292750000002,11491.708750000002,11516.668750000003,8986.000433591691,-8.584000000000742,-0.07464157814591929,294.27982634048203,2.5608012937195435,-302.8638263404828,-2.6335314493666493,2.7719806245228935,27.980104552513943,False,False,True,True,True,5.780380699958187,5.787775100034196,14.976994399970863,11330.10425,-170.18850000000202,-1.4798623278524974,False,37.518480586999885,1.1791750909997063
73,test_073_ood_high_cost_boost,ood_high_cost_boost,18,20067.516494764157,21562.094718348155,21497.181218348152,22728.21429173877,19748.587077035067,-64.91350000000239,-0.3010537744496808,1429.6647235839955,6.65047528353976,-1494.578223583998,-6.931507551129503,11.70658531647917,9.182974124877784,False,False,True,True,True,2.046627299976535,1.8481820999877527,12.949165900005028,,,,,,
74,test_074_ood_budget_reallocation,ood_budget_reallocation,12,17377.143340794977,17793.284817650594,17780.03681765059,17958.311817650592,14727.048355092587,-13.24800000000323,-0.07445505501525762,402.8934768556137,2.2659878659849197,-416.14147685561693,-2.3387557784879194,3.236208852796537,20.820441330986107,False,False,True,True,True,2.7556061999639496,2.487946999957785,13.075913799984846,,,,,,
75,test_075_ood_rank_flip,ood_rank_flip,16,15769.32787155947,16085.163892565834,15992.378392565835,16283.656568219729,10225.530914301342,-92.78549999999814,-0.5768390090378955,223.05052100636567,1.394730136638414,-315.8360210063638,-1.9635237981773717,3.158557750868176,57.30394859076958,False,False,True,True,True,2.0931260000215843,2.175617599976249,10.54205530002946,,,,,,
76,test_076_ood_extreme_single_boost,ood_extreme_single_boost,22,16091.515224994208,16272.456781858424,16165.12823330535,16399.3782760182,15555.198750000001,-107.32854855307414,-0.6595718765265419,73.61300831114204,0.45538153022179945,-180.94155686421618,-1.1119498382441022,1.8772848936242872,4.611050256483687,False,False,True,True,True,0.45796820003306493,0.435726199997589,10.442825999984052,,,,,,
77,test_077_ood_top_reward_collapse,ood_top_reward_collapse,20,12203.184750000002,12424.098500000002,12304.597500000002,13069.454750000003,10619.824620808286,-119.5010000000002,-0.9618484592664827,101.4127499999995,0.8241858378545052,-220.9137499999997,-1.7781068783380918,6.628203062564643,16.98967679425191,False,False,True,True,True,1.312929300009273,1.3910729000344872,15.852637199976016,,,,,,
78,test_078_ood_high_cost_boost,ood_high_cost_boost,7,23975.176407709696,24551.220999661367,24492.218638291666,25642.41571110301,22086.650143400024,-59.00236136970125,-0.24032353165048315,517.0422305819702,2.1110469337947815,-576.0445919516715,-2.34629712289917,6.501880798506088,11.158644883945026,False,False,True,True,True,6.0413819999666885,5.676390800043009,9.759732499951497,,,,,,
79,test_079_ood_budget_reallocation,ood_budget_reallocation,24,15893.470281597401,16312.006896118442,15906.885591179602,16723.306939592367,14255.829631310617,-405.1213049388407,-2.4835773275405013,13.41530958220028,0.08433649381145417,-418.536614521041,-2.5658192593128115,4.962156474150038,14.423413564734009,False,False,True,True,True,0.4562790999771096,0.4141656000283547,11.08975859999191,,,,,,
80,test_080_ood_rank_flip,ood_rank_flip,21,16711.256056803566,17323.57796611745,17027.137216117448,17626.24127404779,12709.425132910357,-296.4407500000016,-1.7111981749947913,315.88115931388165,1.8551630570926316,-612.3219093138832,-3.534615715711276,5.191039899081672,36.30496883182385,False,False,True,True,True,0.4819904000032693,0.4148981000180356,10.128869000007398,,,,,,
81,test_081_ood_extreme_single_boost,ood_extreme_single_boost,13,16261.298082515968,16438.140081020305,16402.036081020306,16453.707081020308,15555.198750000001,-36.10399999999936,-0.21963555379166963,140.73799850433716,0.858051999209981,-176.84199850433652,-1.0758029657413652,1.1693960367526357,5.676181611117656,False,False,True,True,True,2.8476773999864236,2.9205673999967985,12.17302170000039,16291.23439980057,-146.9056812197341,-0.8936879750121691,False,34.61035267300031,1.0534198230002403
82,test_082_ood_top_reward_collapse,ood_top_reward_collapse,20,12200.528750000001,12424.098500000002,12304.597500000002,13069.454750000003,10525.760487811564,-119.5010000000002,-0.9618484592664827,104.06875000000036,0.8457712655777676,-223.56975000000057,-1.799484686957372,6.648525256954588,18.035162536584817,False,False,True,True,True,1.6202229000045918,1.4671220000018366,20.658604600001127,,,,,,
83,test_083_ood_high_cost_boost,ood_high_cost_boost,23,21448.128815954915,23785.40807555287,23405.496400969838,24402.869743401367,22028.40142928728,-379.91167458303244,-1.5972468219854232,1957.367585014923,8.362854397456047,-2337.2792595979554,-9.826525793350836,12.108169893606163,7.976096912459597,False,False,True,True,True,0.44746549997944385,0.47666230000322685,19.75743199995486,,,,,,
84,test_084_ood_budget_reallocation,ood_budget_reallocation,25,16489.873204890086,16869.52122076694,16489.873204890086,17366.288567880165,14370.594916240354,-379.6480158768536,-2.2504966851667034,0.0,0.0,-379.6480158768536,-2.2504966851667034,5.046647471993839,17.389163907908387,False,False,True,True,True,0.40953490004176274,0.4381351000047289,13.827625999983866,,,,,,
85,test_085_ood_rank_flip,ood_rank_flip,9,15199.604745060065,15335.90952365331,15327.30152365331,15362.40552365331,10976.519064112636,-8.608000000000175,-0.05612969994850089,127.69677859324474,0.8331328146456912,-136.30477859324492,-0.888794879645159,1.0597349376214664,39.71560049299743,False,False,True,True,True,6.759210799995344,6.610317200014833,18.294796200003475,,,,,,
86,test_086_ood_extreme_single_boost,ood_extreme_single_boost,21,16562.194288676896,17131.944041323084,17029.429791323084,17404.055927649984,15555.198750000001,-102.51425000000017,-0.5983807193902269,467.23550264618825,2.7436943477946416,-569.7497526461884,-3.3256573292086657,4.837157743417817,10.136452234807237,False,False,True,True,True,0.46198939997702837,0.42855429998598993,13.107457300007809,,,,,,
87,test_087_ood_top_reward_collapse,ood_top_reward_collapse,22,12200.528750000001,12631.470500000005,12281.149500000003,13300.755750000002,11116.436646829283,-350.32100000000173,-2.773398394114142,80.62075000000186,0.6564593159622545,-430.9417500000036,-3.4116514779494866,8.271913421160301,13.628772432242053,False,False,True,True,True,0.4810847000335343,0.47860400000354275,11.30862409999827,,,,,,
88,test_088_ood_high_cost_boost,ood_high_cost_boost,25,21684.344284215716,22679.31725014141,22386.78419029951,23315.023931602613,21896.325051076936,-292.53305984189865,-1.2898671358374982,702.4399060837932,3.137743679988525,-994.9729659256918,-4.387138091291034,6.994115263062515,3.5759069032726214,False,False,True,True,True,0.4605367999756709,0.40482840000186116,13.260210099979304,,,,,,
89,test_089_ood_budget_reallocation,ood_budget_reallocation,15,17083.985830059748,17321.16916424835,17307.92116424835,17486.196164248347,14913.099350617444,-13.247999999999593,-0.07648444440658222,223.9353341886017,1.2938314894290588,-237.1833341886013,-1.3693263540093936,2.3001591107101063,16.147346416834573,False,False,True,True,True,2.4270265999948606,2.5857755999895744,17.050539700023364,,,,,,
90,test_090_ood_rank_flip,ood_rank_flip,9,17198.08405162411,17277.52523449093,17268.91723449094,17304.021234490934,9504.180231997116,-8.607999999992899,-0.049821950095079844,70.83318286682697,0.41017732556707703,-79.44118286681987,-0.4597949173197115,0.6122113549864657,81.78869521354184,False,False,True,True,True,6.374697099963669,5.674931299989112,13.185493599972688,17227.362182005927,-50.1630524850043,-0.2903370234115726,False,36.65289647999998,1.121609972999977
91,test_091_ood_extreme_single_boost,ood_extreme_single_boost,10,15963.204477694377,16535.985679503247,16508.65263750546,16542.964637505465,15555.198750000001,-27.333041997786495,-0.16529430133497552,545.4481598110833,3.304013790755387,-572.7812018088698,-3.463846745578922,3.5045723213158695,6.305203458125181,False,False,True,True,True,4.790951400005724,5.55460370000219,15.954780200030655,,,,,,
92,test_092_ood_top_reward_collapse,ood_top_reward_collapse,12,11846.555250000003,12406.263750000004,12313.478250000004,12664.343750000004,10559.224604479256,-92.78549999999996,-0.747892370094098,466.9230000000007,3.791966741809939,-559.7085000000006,-4.511499281965535,6.4574092123802345,17.49218540855006,False,False,True,True,True,3.1371708000078797,3.6030593999894336,11.911703300022054,,,,,,
93,test_093_ood_high_cost_boost,ood_high_cost_boost,24,19249.04623226145,21346.037329769406,20977.011849480026,21987.057269738474,20705.07026509134,-369.02548028937963,-1.7287774521725063,1727.965617218575,8.237424994644352,-2096.9910975079547,-9.823795700869825,12.452830789891287,3.095700987592072,False,False,True,True,True,0.42612399999052286,0.48561219999101013,13.39470489998348,,,,,,
94,test_094_ood_budget_reallocation,ood_budget_reallocation,23,16205.998585318,16583.454126513618,16236.980144016812,16892.369174452582,14765.647881526334,-346.47398249680555,-2.0892751284116566,30.98155869881157,0.19080862588988265,-377.4555411956171,-2.2760972371379578,4.063199081468241,12.311049671322484,False,False,True,True,True,0.47715300001436844,0.4323344000149518,13.838388599979226,,,,,,
95,test_095_ood_rank_flip,ood_rank_flip,13,17359.56853423731,17507.673823082107,17414.88832308211,17674.98682308211,12271.158154431552,-92.78549999999814,-0.5299704628816524,55.319788844797586,0.3176580166263565,-148.10528884479572,-0.8459449858469136,1.7845461046278506,42.673361411770756,False,False,True,True,True,3.6240669999970123,3.4888038000208326,15.966690300032496,,,,,,
96,test_096_ood_extreme_single_boost,ood_extreme_single_boost,10,17021.2319111559,17233.55845881535,17206.54445881535,17240.856458815357,15555.198750000001,-27.013999999999214,-0.1567523043169355,185.3125476594505,1.0769887475257134,-212.32654765944972,-1.2320528471636683,1.2738610067550356,10.789702759762868,False,False,True,True,True,4.294585700030439,5.380068800004665,19.608922099985648,,,,,,
97,test_097_ood_top_reward_collapse,ood_top_reward_collapse,14,11768.833500000004,12406.263750000004,12313.478250000004,12664.343750000004,10051.001574836973,-92.78549999999996,-0.747892370094098,544.6447499999995,4.423159232039081,-637.4302499999994,-5.137971131719646,7.071114521824308,23.433109204355414,False,False,True,True,True,3.0916465999907814,3.25966999999946,12.308609700005036,,,,,,
98,test_098_ood_high_cost_boost,ood_high_cost_boost,12,18972.547396265432,19763.309112457533,19718.404514127993,20261.1261850521,18277.81319209199,-44.90459832954002,-0.22721194145182408,745.8571178625607,3.782542940166195,-790.7617161921007,-4.001160492367418,6.359857675321786,8.127317555736102,False,False,True,True,True,3.201618099992629,4.269032199983485,15.426428199978545,,,,,,
99,test_099_ood_budget_reallocation,ood_budget_reallocation,20,16963.884901083034,17120.85183475763,17078.77233475763,17626.33659279895,14446.117561737023,-42.079499999999825,-0.24577924279779578,114.88743367459392,0.6726914055806127,-156.96693367459375,-0.9168173125354067,3.758306147328162,18.51524647774631,False,False,True,True,True,1.1936338000232354,1.1576302999746986,16.800575600005686,16677.74571416188,-443.1061205957485,-2.5881079100058773,False,27.349757055000282,0.8575057620000734
