scenario_index,scenario_id,family,switch_day,method,objective,runtime_seconds
0,test_000_pilot_rank_flip,heldout_rank_flip,15,B_frozen_static_greedy,12261.328475000004,0.08851742100000592
0,test_000_pilot_rank_flip,heldout_rank_flip,15,D_frozen_static_best_of_64,12330.434912500003,1.53701220500011
0,test_000_pilot_rank_flip,heldout_rank_flip,15,C_rich_generalist_e2e_best_of_64,13935.527562500001,0.9659194490000118
1,test_001_id_no_shock,no_shock,20,B_frozen_static_greedy,15476.166500000003,0.06672209799990014
1,test_001_id_no_shock,no_shock,20,D_frozen_static_best_of_64,15476.166500000003,1.4830311839998558
1,test_001_id_no_shock,no_shock,20,C_rich_generalist_e2e_best_of_64,15472.606500000002,0.8495056499998555
2,test_002_id_mixed,mixed,24,B_frozen_static_greedy,17477.086462373016,0.04581422299997939
2,test_002_id_mixed,mixed,24,D_frozen_static_best_of_64,17477.086462373016,1.344692835999922
2,test_002_id_mixed,mixed,24,C_rich_generalist_e2e_best_of_64,17714.1482275426,0.7542841279998811
3,test_003_id_boost_only,boost_only,20,B_frozen_static_greedy,17736.94307565483,0.060161278999885326
3,test_003_id_boost_only,boost_only,20,D_frozen_static_best_of_64,17868.880637504575,1.3979478100000051
3,test_003_id_boost_only,boost_only,20,C_rich_generalist_e2e_best_of_64,18825.35679186133,0.8366760469998553
4,test_004_id_suppress_only,suppress_only,20,B_frozen_static_greedy,15055.390568367067,0.06120086300006733
4,test_004_id_suppress_only,suppress_only,20,D_frozen_static_best_of_64,15055.390568367067,1.4017791219998799
4,test_004_id_suppress_only,suppress_only,20,C_rich_generalist_e2e_best_of_64,14961.921829572075,0.8489172860001872
5,test_005_id_concentrated,concentrated,6,B_frozen_static_greedy,19212.775267489837,0.11504476000004615
5,test_005_id_concentrated,concentrated,6,D_frozen_static_best_of_64,19219.727267489834,1.735666467000101
5,test_005_id_concentrated,concentrated,6,C_rich_generalist_e2e_best_of_64,20586.122101719997,1.137485525000102
6,test_006_id_distributed,distributed,15,B_frozen_static_greedy,15892.29378639275,0.07872702299982848
6,test_006_id_distributed,distributed,15,D_frozen_static_best_of_64,15956.792605330067,1.537624679999908
6,test_006_id_distributed,distributed,15,C_rich_generalist_e2e_best_of_64,16367.745502729971,0.9389971410000726
7,test_007_id_no_shock,no_shock,18,B_frozen_static_greedy,15476.166500000003,0.06774341799996364
7,test_007_id_no_shock,no_shock,18,D_frozen_static_best_of_64,15483.1185,1.4439534260000073
7,test_007_id_no_shock,no_shock,18,C_rich_generalist_e2e_best_of_64,15483.1185,0.8843687169999157
8,test_008_id_mixed,mixed,9,B_frozen_static_greedy,19813.844756361825,0.1047382959998231
8,test_008_id_mixed,mixed,9,D_frozen_static_best_of_64,19816.632384623288,1.6467631819998587
8,test_008_id_mixed,mixed,9,C_rich_generalist_e2e_best_of_64,21192.0796602607,1.0880682700001216
9,test_009_id_boost_only,boost_only,7,B_frozen_static_greedy,15685.753473715085,0.15049911999994947
9,test_009_id_boost_only,boost_only,7,D_frozen_static_best_of_64,16037.831842209536,1.7302124519999325
9,test_009_id_boost_only,boost_only,7,C_rich_generalist_e2e_best_of_64,17148.174804943123,1.1864378020000004
10,test_010_id_suppress_only,suppress_only,22,B_frozen_static_greedy,12217.447509598533,0.05174667099981889
10,test_010_id_suppress_only,suppress_only,22,D_frozen_static_best_of_64,12217.447509598533,1.387149428000157
10,test_010_id_suppress_only,suppress_only,22,C_rich_generalist_e2e_best_of_64,13019.824000000004,0.7834972330001619
11,test_011_id_concentrated,concentrated,18,B_frozen_static_greedy,15060.768478810904,0.0670424540003296
11,test_011_id_concentrated,concentrated,18,D_frozen_static_best_of_64,15175.468034409474,1.4536786339999708
11,test_011_id_concentrated,concentrated,18,C_rich_generalist_e2e_best_of_64,15370.043750000004,0.8991566810000222
12,test_012_id_distributed,distributed,10,B_frozen_static_greedy,14747.297391700846,0.09844935199998872
12,test_012_id_distributed,distributed,10,D_frozen_static_best_of_64,14810.470873844073,1.6536080810001295
12,test_012_id_distributed,distributed,10,C_rich_generalist_e2e_best_of_64,15027.018682606846,1.0804056410001976
13,test_013_id_no_shock,no_shock,16,B_frozen_static_greedy,15476.166500000003,0.07605573900036688
13,test_013_id_no_shock,no_shock,16,D_frozen_static_best_of_64,15485.254500000003,1.5690363009998691
13,test_013_id_no_shock,no_shock,16,C_rich_generalist_e2e_best_of_64,15483.1185,0.9893101320003552
14,test_014_id_mixed,mixed,11,B_frozen_static_greedy,14404.167165597031,0.09408222000001842
14,test_014_id_mixed,mixed,11,D_frozen_static_best_of_64,14788.00467363223,1.6033611230000133
14,test_014_id_mixed,mixed,11,C_rich_generalist_e2e_best_of_64,16055.537945935766,1.058743403000335
15,test_015_id_boost_only,boost_only,14,B_frozen_static_greedy,16066.989385792655,0.08343499100010376
15,test_015_id_boost_only,boost_only,14,D_frozen_static_best_of_64,16232.626527563465,1.5516731259999688
15,test_015_id_boost_only,boost_only,14,C_rich_generalist_e2e_best_of_64,16632.158741415682,0.9884315209997112
16,test_016_id_suppress_only,suppress_only,19,B_frozen_static_greedy,15476.166500000003,0.06922219899979609
16,test_016_id_suppress_only,suppress_only,19,D_frozen_static_best_of_64,15476.166500000003,1.4904261659999065
16,test_016_id_suppress_only,suppress_only,19,C_rich_generalist_e2e_best_of_64,15476.166500000003,0.865142397999989
17,test_017_id_concentrated,concentrated,26,B_frozen_static_greedy,15476.166500000003,0.03528903300002639
17,test_017_id_concentrated,concentrated,26,D_frozen_static_best_of_64,15476.166500000003,1.2662069240000164
17,test_017_id_concentrated,concentrated,26,C_rich_generalist_e2e_best_of_64,15472.606500000002,0.7048695559997213
18,test_018_id_distributed,distributed,16,B_frozen_static_greedy,15457.13519011323,0.07569550200014419
18,test_018_id_distributed,distributed,16,D_frozen_static_best_of_64,15482.559459689459,1.4887569339998663
18,test_018_id_distributed,distributed,16,C_rich_generalist_e2e_best_of_64,15713.043280205515,0.928624242999831
19,test_019_id_no_shock,no_shock,9,B_frozen_static_greedy,15476.166500000003,0.10276371600002676
19,test_019_id_no_shock,no_shock,9,D_frozen_static_best_of_64,15485.254500000003,1.633527680000043
19,test_019_id_no_shock,no_shock,9,C_rich_generalist_e2e_best_of_64,15483.1185,1.1069365610001114
20,test_020_id_mixed,mixed,11,B_frozen_static_greedy,18472.162044972803,0.10971222000034686
20,test_020_id_mixed,mixed,11,D_frozen_static_best_of_64,18842.41716332093,1.6554926530002376
20,test_020_id_mixed,mixed,11,C_rich_generalist_e2e_best_of_64,19913.230854717513,1.0765298439996513
21,test_021_id_boost_only,boost_only,21,B_frozen_static_greedy,17884.159396480063,0.05511326099986036
21,test_021_id_boost_only,boost_only,21,D_frozen_static_best_of_64,17884.159396480063,1.4056862830002501
21,test_021_id_boost_only,boost_only,21,C_rich_generalist_e2e_best_of_64,18567.886000208346,0.8163584569997511
22,test_022_id_suppress_only,suppress_only,4,B_frozen_static_greedy,13569.712027443053,0.12852108400011275
22,test_022_id_suppress_only,suppress_only,4,D_frozen_static_best_of_64,13874.486347986476,1.7630449489997773
22,test_022_id_suppress_only,suppress_only,4,C_rich_generalist_e2e_best_of_64,13763.270721420677,1.1856103360000816
23,test_023_id_concentrated,concentrated,19,B_frozen_static_greedy,13808.40687791141,0.063818258000083
23,test_023_id_concentrated,concentrated,19,D_frozen_static_best_of_64,13808.40687791141,1.4642849839997325
23,test_023_id_concentrated,concentrated,19,C_rich_generalist_e2e_best_of_64,14281.076500000005,0.8523518199999671
24,test_024_id_distributed,distributed,14,B_frozen_static_greedy,19445.633195133887,0.08465846899980534
24,test_024_id_distributed,distributed,14,D_frozen_static_best_of_64,19586.1245912918,1.5646910649998063
24,test_024_id_distributed,distributed,14,C_rich_generalist_e2e_best_of_64,19676.837781290975,1.0373245330001737
25,test_025_id_no_shock,no_shock,24,B_frozen_static_greedy,15476.166500000003,0.04724267300025531
25,test_025_id_no_shock,no_shock,24,D_frozen_static_best_of_64,15476.166500000003,1.3830479049997848
25,test_025_id_no_shock,no_shock,24,C_rich_generalist_e2e_best_of_64,15472.606500000002,0.782128787000147
26,test_026_id_mixed,mixed,7,B_frozen_static_greedy,22001.66524457107,0.11323855099999491
26,test_026_id_mixed,mixed,7,D_frozen_static_best_of_64,22027.702440640598,1.7257185800003754
26,test_026_id_mixed,mixed,7,C_rich_generalist_e2e_best_of_64,22031.67826115201,1.1821017520001078
27,test_027_id_boost_only,boost_only,25,B_frozen_static_greedy,15476.166500000003,0.04100884799981941
27,test_027_id_boost_only,boost_only,25,D_frozen_static_best_of_64,15476.166500000003,1.421139605999997
27,test_027_id_boost_only,boost_only,25,C_rich_generalist_e2e_best_of_64,15472.606500000002,0.7370926980001968
28,test_028_id_suppress_only,suppress_only,22,B_frozen_static_greedy,14525.73805953105,0.05412502199988012
28,test_028_id_suppress_only,suppress_only,22,D_frozen_static_best_of_64,14525.73805953105,1.383412949999638
28,test_028_id_suppress_only,suppress_only,22,C_rich_generalist_e2e_best_of_64,14870.52475,0.8018874929998674
29,test_029_id_concentrated,concentrated,18,B_frozen_static_greedy,15476.166500000003,0.07344559600005596
29,test_029_id_concentrated,concentrated,18,D_frozen_static_best_of_64,15483.1185,1.454721294999672
29,test_029_id_concentrated,concentrated,18,C_rich_generalist_e2e_best_of_64,16221.947037345952,0.9214871689996471
30,test_030_id_distributed,distributed,10,B_frozen_static_greedy,15982.027244943722,0.10232397599975229
30,test_030_id_distributed,distributed,10,D_frozen_static_best_of_64,15997.340173180393,1.6586154670003452
30,test_030_id_distributed,distributed,10,C_rich_generalist_e2e_best_of_64,15864.908618282017,1.0778361610000502
31,test_031_id_no_shock,no_shock,22,B_frozen_static_greedy,15476.166500000003,0.05786046200000783
31,test_031_id_no_shock,no_shock,22,D_frozen_static_best_of_64,15476.166500000003,1.4124353030001657
31,test_031_id_no_shock,no_shock,22,C_rich_generalist_e2e_best_of_64,15472.606500000002,0.7932973519996267
32,test_032_id_mixed,mixed,16,B_frozen_static_greedy,20845.71400169029,0.0781146809999882
32,test_032_id_mixed,mixed,16,D_frozen_static_best_of_64,20859.176685269296,1.5261518909996994
32,test_032_id_mixed,mixed,16,C_rich_generalist_e2e_best_of_64,19724.981693249378,0.9419135610000922
33,test_033_id_boost_only,boost_only,9,B_frozen_static_greedy,21360.530888603527,0.10422659699997894
33,test_033_id_boost_only,boost_only,9,D_frozen_static_best_of_64,21441.59187412756,1.683263985999929
33,test_033_id_boost_only,boost_only,9,C_rich_generalist_e2e_best_of_64,22379.096895193303,1.1133984980001514
34,test_034_id_suppress_only,suppress_only,4,B_frozen_static_greedy,15476.166500000003,0.12333784900010869
34,test_034_id_suppress_only,suppress_only,4,D_frozen_static_best_of_64,15485.254500000003,1.7612970209997911
34,test_034_id_suppress_only,suppress_only,4,C_rich_generalist_e2e_best_of_64,15480.270500000002,1.2331788909996249
35,test_035_id_concentrated,concentrated,22,B_frozen_static_greedy,15476.166500000003,0.052029552000021795
35,test_035_id_concentrated,concentrated,22,D_frozen_static_best_of_64,15476.166500000003,1.3748366909999277
35,test_035_id_concentrated,concentrated,22,C_rich_generalist_e2e_best_of_64,15472.606500000002,0.8521298519999618
36,test_036_id_distributed,distributed,13,B_frozen_static_greedy,15651.966893931189,0.09035782099999778
36,test_036_id_distributed,distributed,13,D_frozen_static_best_of_64,15731.695699163454,1.5753378439999324
36,test_036_id_distributed,distributed,13,C_rich_generalist_e2e_best_of_64,15754.202274647512,0.9976347669999086
37,test_037_id_no_shock,no_shock,7,B_frozen_static_greedy,15476.166500000003,0.11715706999984832
37,test_037_id_no_shock,no_shock,7,D_frozen_static_best_of_64,15483.1185,1.7718593149998014
37,test_037_id_no_shock,no_shock,7,C_rich_generalist_e2e_best_of_64,15483.1185,1.1688117740000052
38,test_038_id_mixed,mixed,6,B_frozen_static_greedy,23247.195744218337,0.119475968000188
38,test_038_id_mixed,mixed,6,D_frozen_static_best_of_64,23359.663501914838,1.7897245359999943
38,test_038_id_mixed,mixed,6,C_rich_generalist_e2e_best_of_64,23849.412198833168,1.1552982929997597
39,test_039_id_boost_only,boost_only,21,B_frozen_static_greedy,19352.12638918312,0.054616113000065525
39,test_039_id_boost_only,boost_only,21,D_frozen_static_best_of_64,19851.6714054191,1.4380937310002082
39,test_039_id_boost_only,boost_only,21,C_rich_generalist_e2e_best_of_64,19382.374756379555,0.8489888049998626
40,test_040_id_suppress_only,suppress_only,8,B_frozen_static_greedy,15026.914926124009,0.11601256100038881
40,test_040_id_suppress_only,suppress_only,8,D_frozen_static_best_of_64,15038.854632793002,1.7203928539997833
40,test_040_id_suppress_only,suppress_only,8,C_rich_generalist_e2e_best_of_64,15026.914926124009,1.1277062429999205
41,test_041_id_concentrated,concentrated,23,B_frozen_static_greedy,14112.90510640114,0.0462691350003297
41,test_041_id_concentrated,concentrated,23,D_frozen_static_best_of_64,14112.90510640114,1.363153094000154
41,test_041_id_concentrated,concentrated,23,C_rich_generalist_e2e_best_of_64,15350.743672690212,0.7770357469998999
42,test_042_id_distributed,distributed,18,B_frozen_static_greedy,17836.875984601058,0.06737759799989362
42,test_042_id_distributed,distributed,18,D_frozen_static_best_of_64,17922.989589173427,1.4935156490000736
42,test_042_id_distributed,distributed,18,C_rich_generalist_e2e_best_of_64,17941.438580274116,0.9566254850001314
43,test_043_id_no_shock,no_shock,9,B_frozen_static_greedy,15476.166500000003,0.10777997800005323
43,test_043_id_no_shock,no_shock,9,D_frozen_static_best_of_64,15483.1185,1.6592229839998254
43,test_043_id_no_shock,no_shock,9,C_rich_generalist_e2e_best_of_64,15483.1185,1.1171682730000612
44,test_044_id_mixed,mixed,25,B_frozen_static_greedy,18816.165986528296,0.038431781999861414
44,test_044_id_mixed,mixed,25,D_frozen_static_best_of_64,18816.165986528296,1.3459064610001406
44,test_044_id_mixed,mixed,25,C_rich_generalist_e2e_best_of_64,18857.814278382542,0.7468693189998703
45,test_045_id_boost_only,boost_only,19,B_frozen_static_greedy,15750.288839172481,0.06426687700013645
45,test_045_id_boost_only,boost_only,19,D_frozen_static_best_of_64,15750.288839172481,1.4485450760003005
45,test_045_id_boost_only,boost_only,19,C_rich_generalist_e2e_best_of_64,16340.947808919806,0.8774909750000006
46,test_046_id_suppress_only,suppress_only,13,B_frozen_static_greedy,14291.89882198566,0.08635157199978494
46,test_046_id_suppress_only,suppress_only,13,D_frozen_static_best_of_64,14386.40882271197,1.577439680000225
46,test_046_id_suppress_only,suppress_only,13,C_rich_generalist_e2e_best_of_64,14379.281159862168,1.0706653800002641
47,test_047_id_concentrated,concentrated,8,B_frozen_static_greedy,18064.84833269628,0.11629859600043346
47,test_047_id_concentrated,concentrated,8,D_frozen_static_best_of_64,18728.394102644128,1.6653259690001505
47,test_047_id_concentrated,concentrated,8,C_rich_generalist_e2e_best_of_64,20271.22657285452,1.1465972720002355
48,test_048_id_distributed,distributed,4,B_frozen_static_greedy,15783.1251625316,0.1224239570001373
48,test_048_id_distributed,distributed,4,D_frozen_static_best_of_64,16016.504426718871,1.7456674479999492
48,test_048_id_distributed,distributed,4,C_rich_generalist_e2e_best_of_64,16696.833887462955,1.2227229850000185
49,test_049_id_no_shock,no_shock,7,B_frozen_static_greedy,15476.166500000003,0.11600415500015515
49,test_049_id_no_shock,no_shock,7,D_frozen_static_best_of_64,15483.1185,1.7802082690000134
49,test_049_id_no_shock,no_shock,7,C_rich_generalist_e2e_best_of_64,15483.1185,1.1303711659998044
50,test_050_id_mixed,mixed,8,B_frozen_static_greedy,15059.105054507141,0.11524304199974722
50,test_050_id_mixed,mixed,8,D_frozen_static_best_of_64,15120.42025107147,1.6923990889999914
50,test_050_id_mixed,mixed,8,C_rich_generalist_e2e_best_of_64,15176.48082788285,1.1336965219998092
51,test_051_id_boost_only,boost_only,9,B_frozen_static_greedy,15547.853803492744,0.1085466389999965
51,test_051_id_boost_only,boost_only,9,D_frozen_static_best_of_64,15551.957803492744,1.7292319539997152
51,test_051_id_boost_only,boost_only,9,C_rich_generalist_e2e_best_of_64,15556.284853589295,1.1137100539999665
52,test_052_id_suppress_only,suppress_only,19,B_frozen_static_greedy,14847.566563945722,0.06304357899989554
52,test_052_id_suppress_only,suppress_only,19,D_frozen_static_best_of_64,14912.347469230477,1.5130849779998243
52,test_052_id_suppress_only,suppress_only,19,C_rich_generalist_e2e_best_of_64,14909.45905046419,0.8849354139997558
53,test_053_id_concentrated,concentrated,9,B_frozen_static_greedy,17180.891623261537,0.11526971000012054
53,test_053_id_concentrated,concentrated,9,D_frozen_static_best_of_64,17632.911174939505,1.7254738689998703
53,test_053_id_concentrated,concentrated,9,C_rich_generalist_e2e_best_of_64,20022.034496685526,1.1190009739998459
54,test_054_id_distributed,distributed,8,B_frozen_static_greedy,14307.28475685054,0.1097592020000775
54,test_054_id_distributed,distributed,8,D_frozen_static_best_of_64,14347.036088150531,1.704255916999955
54,test_054_id_distributed,distributed,8,C_rich_generalist_e2e_best_of_64,14421.009127791773,1.1697967049999534
55,test_055_id_no_shock,no_shock,20,B_frozen_static_greedy,15476.166500000003,0.06174766799995268
55,test_055_id_no_shock,no_shock,20,D_frozen_static_best_of_64,15476.166500000003,1.4168610410001747
55,test_055_id_no_shock,no_shock,20,C_rich_generalist_e2e_best_of_64,15472.606500000002,0.864858885999638
56,test_056_id_mixed,mixed,24,B_frozen_static_greedy,21698.463968169362,0.04490287799990256
56,test_056_id_mixed,mixed,24,D_frozen_static_best_of_64,21796.636732011593,1.3895316460002505
56,test_056_id_mixed,mixed,24,C_rich_generalist_e2e_best_of_64,21581.639421091313,0.7805385060000845
57,test_057_id_boost_only,boost_only,13,B_frozen_static_greedy,20677.22128619057,0.08960757300019395
57,test_057_id_boost_only,boost_only,13,D_frozen_static_best_of_64,20938.15249287587,1.595273575000192
57,test_057_id_boost_only,boost_only,13,C_rich_generalist_e2e_best_of_64,22388.629271559115,1.0479534610003611
58,test_058_id_suppress_only,suppress_only,24,B_frozen_static_greedy,15476.166500000003,0.04659586900015711
58,test_058_id_suppress_only,suppress_only,24,D_frozen_static_best_of_64,15476.166500000003,1.33909139699972
58,test_058_id_suppress_only,suppress_only,24,C_rich_generalist_e2e_best_of_64,15472.606500000002,0.768277266000041
59,test_059_id_concentrated,concentrated,23,B_frozen_static_greedy,15476.166500000003,0.04804137899964189
59,test_059_id_concentrated,concentrated,23,D_frozen_static_best_of_64,15476.166500000003,1.359852717999729
59,test_059_id_concentrated,concentrated,23,C_rich_generalist_e2e_best_of_64,15833.198288619373,0.7858714660001169
60,test_060_id_distributed,distributed,26,B_frozen_static_greedy,15476.166500000003,0.0371040299996821
60,test_060_id_distributed,distributed,26,D_frozen_static_best_of_64,15476.166500000003,1.371443396000359
60,test_060_id_distributed,distributed,26,C_rich_generalist_e2e_best_of_64,15516.68763499318,0.7310505219998049
61,test_061_id_no_shock,no_shock,25,B_frozen_static_greedy,15476.166500000003,0.04099670100004005
61,test_061_id_no_shock,no_shock,25,D_frozen_static_best_of_64,15476.166500000003,1.37847309999961
61,test_061_id_no_shock,no_shock,25,C_rich_generalist_e2e_best_of_64,15472.606500000002,0.7620480730001873
62,test_062_id_mixed,mixed,11,B_frozen_static_greedy,21208.48724682814,0.09689833199990971
62,test_062_id_mixed,mixed,11,D_frozen_static_best_of_64,21337.483976673786,1.6267081080000025
62,test_062_id_mixed,mixed,11,C_rich_generalist_e2e_best_of_64,24148.858557468975,1.048298240999884
63,test_063_id_boost_only,boost_only,26,B_frozen_static_greedy,15476.166500000003,0.03716861600014454
63,test_063_id_boost_only,boost_only,26,D_frozen_static_best_of_64,15476.166500000003,1.3278479549999247
63,test_063_id_boost_only,boost_only,26,C_rich_generalist_e2e_best_of_64,15895.003525173765,0.7152715030001673
64,test_064_id_suppress_only,suppress_only,23,B_frozen_static_greedy,14524.55559253558,0.04822971500016138
64,test_064_id_suppress_only,suppress_only,23,D_frozen_static_best_of_64,14524.55559253558,1.3875275129998954
64,test_064_id_suppress_only,suppress_only,23,C_rich_generalist_e2e_best_of_64,14445.933171989034,0.7987093389997426
65,test_065_id_concentrated,concentrated,26,B_frozen_static_greedy,15476.166500000003,0.03717137800003911
65,test_065_id_concentrated,concentrated,26,D_frozen_static_best_of_64,15476.166500000003,1.2897512859999551
65,test_065_id_concentrated,concentrated,26,C_rich_generalist_e2e_best_of_64,16113.120180261518,0.700697812999806
66,test_066_id_distributed,distributed,9,B_frozen_static_greedy,15657.607988626638,0.11635203800005911
66,test_066_id_distributed,distributed,9,D_frozen_static_best_of_64,15821.836463810443,1.6844280229997821
66,test_066_id_distributed,distributed,9,C_rich_generalist_e2e_best_of_64,15855.542374113405,1.10527734399966
67,test_067_id_no_shock,no_shock,21,B_frozen_static_greedy,15476.166500000003,0.056051200999718276
67,test_067_id_no_shock,no_shock,21,D_frozen_static_best_of_64,15476.166500000003,1.3863181289998465
67,test_067_id_no_shock,no_shock,21,C_rich_generalist_e2e_best_of_64,15472.606500000002,0.8161632049996115
68,test_068_id_mixed,mixed,21,B_frozen_static_greedy,15361.209888101148,0.06840045199987799
68,test_068_id_mixed,mixed,21,D_frozen_static_best_of_64,15361.209888101148,1.5210149839999758
68,test_068_id_mixed,mixed,21,C_rich_generalist_e2e_best_of_64,15474.153468199416,0.8491368089999014
69,test_069_id_boost_only,boost_only,19,B_frozen_static_greedy,17783.92858033543,0.06260500600001251
69,test_069_id_boost_only,boost_only,19,D_frozen_static_best_of_64,17972.89169355356,1.4370185950001542
69,test_069_id_boost_only,boost_only,19,C_rich_generalist_e2e_best_of_64,18635.13120579321,0.8815556150002521
70,test_070_ood_rank_flip,ood_rank_flip,12,B_frozen_static_greedy,10748.198614231766,0.09142962899977647
70,test_070_ood_rank_flip,ood_rank_flip,12,D_frozen_static_best_of_64,10857.45248240992,1.589968823000163
70,test_070_ood_rank_flip,ood_rank_flip,12,C_rich_generalist_e2e_best_of_64,15488.014873729784,1.0146439609998197
71,test_071_ood_extreme_single_boost,ood_extreme_single_boost,20,B_frozen_static_greedy,15476.166500000003,0.060062799000206724
71,test_071_ood_extreme_single_boost,ood_extreme_single_boost,20,D_frozen_static_best_of_64,15476.166500000003,1.434576232999916
71,test_071_ood_extreme_single_boost,ood_extreme_single_boost,20,C_rich_generalist_e2e_best_of_64,16396.09805350341,0.8402474200001961
72,test_072_ood_top_reward_collapse,ood_top_reward_collapse,7,B_frozen_static_greedy,9244.054655740312,0.11691438600018955
72,test_072_ood_top_reward_collapse,ood_top_reward_collapse,7,D_frozen_static_best_of_64,9570.084332860459,1.7480643519998011
72,test_072_ood_top_reward_collapse,ood_top_reward_collapse,7,C_rich_generalist_e2e_best_of_64,11197.42892365952,1.2270996409997679
73,test_073_ood_high_cost_boost,ood_high_cost_boost,18,B_frozen_static_greedy,19896.228679977507,0.07231489700006932
73,test_073_ood_high_cost_boost,ood_high_cost_boost,18,D_frozen_static_best_of_64,19972.047872628253,1.5000179079997906
73,test_073_ood_high_cost_boost,ood_high_cost_boost,18,C_rich_generalist_e2e_best_of_64,20067.516494764157,0.898400226999911
74,test_074_ood_budget_reallocation,ood_budget_reallocation,12,B_frozen_static_greedy,15154.154835980928,0.09785146400008671
74,test_074_ood_budget_reallocation,ood_budget_reallocation,12,D_frozen_static_best_of_64,15288.98901407899,1.6128882619996148
74,test_074_ood_budget_reallocation,ood_budget_reallocation,12,C_rich_generalist_e2e_best_of_64,17377.143340794977,1.1391411559998232
75,test_075_ood_rank_flip,ood_rank_flip,16,B_frozen_static_greedy,10370.44778244881,0.07642376800004058
75,test_075_ood_rank_flip,ood_rank_flip,16,D_frozen_static_best_of_64,10485.772953535085,1.5446747219998542
75,test_075_ood_rank_flip,ood_rank_flip,16,C_rich_generalist_e2e_best_of_64,15769.32787155947,0.9570116659997439
76,test_076_ood_extreme_single_boost,ood_extreme_single_boost,22,B_frozen_static_greedy,15476.166500000003,0.051872014999844396
76,test_076_ood_extreme_single_boost,ood_extreme_single_boost,22,D_frozen_static_best_of_64,15476.166500000003,1.4192842530001144
76,test_076_ood_extreme_single_boost,ood_extreme_single_boost,22,C_rich_generalist_e2e_best_of_64,16091.515224994208,0.8162107640000613
77,test_077_ood_top_reward_collapse,ood_top_reward_collapse,20,B_frozen_static_greedy,10739.684396304248,0.05923301199982234
77,test_077_ood_top_reward_collapse,ood_top_reward_collapse,20,D_frozen_static_best_of_64,10805.118986016001,1.4304699059998711
77,test_077_ood_top_reward_collapse,ood_top_reward_collapse,20,C_rich_generalist_e2e_best_of_64,12203.184750000002,0.8302509489999466
78,test_078_ood_high_cost_boost,ood_high_cost_boost,7,B_frozen_static_greedy,22174.303840822868,0.1132389070003228
78,test_078_ood_high_cost_boost,ood_high_cost_boost,7,D_frozen_static_best_of_64,22251.45369158432,1.7048447870001837
78,test_078_ood_high_cost_boost,ood_high_cost_boost,7,C_rich_generalist_e2e_best_of_64,23975.176407709696,1.1356540310002856
79,test_079_ood_budget_reallocation,ood_budget_reallocation,24,B_frozen_static_greedy,14114.922661373028,0.05212088199959908
79,test_079_ood_budget_reallocation,ood_budget_reallocation,24,D_frozen_static_best_of_64,14114.922661373028,1.3400873470000079
79,test_079_ood_budget_reallocation,ood_budget_reallocation,24,C_rich_generalist_e2e_best_of_64,15893.470281597401,0.7805194699999447
80,test_080_ood_rank_flip,ood_rank_flip,21,B_frozen_static_greedy,12569.360612954852,0.059030129999882774
80,test_080_ood_rank_flip,ood_rank_flip,21,D_frozen_static_best_of_64,12569.360612954852,1.381464774000051
80,test_080_ood_rank_flip,ood_rank_flip,21,C_rich_generalist_e2e_best_of_64,16711.256056803566,0.8831136429998878
81,test_081_ood_extreme_single_boost,ood_extreme_single_boost,13,B_frozen_static_greedy,15476.166500000003,0.08822737499986033
81,test_081_ood_extreme_single_boost,ood_extreme_single_boost,13,D_frozen_static_best_of_64,15483.1185,1.5513015350002206
81,test_081_ood_extreme_single_boost,ood_extreme_single_boost,13,C_rich_generalist_e2e_best_of_64,16261.298082515968,1.0019957800000157
82,test_082_ood_top_reward_collapse,ood_top_reward_collapse,20,B_frozen_static_greedy,10618.803323614144,0.06077082199999495
82,test_082_ood_top_reward_collapse,ood_top_reward_collapse,20,D_frozen_static_best_of_64,10618.803323614144,1.4282159559998036
82,test_082_ood_top_reward_collapse,ood_top_reward_collapse,20,C_rich_generalist_e2e_best_of_64,12200.528750000001,0.8497347669999726
83,test_083_ood_high_cost_boost,ood_high_cost_boost,23,B_frozen_static_greedy,21949.369179287285,0.050804373000119085
83,test_083_ood_high_cost_boost,ood_high_cost_boost,23,D_frozen_static_best_of_64,21949.369179287285,1.3776074570000674
83,test_083_ood_high_cost_boost,ood_high_cost_boost,23,C_rich_generalist_e2e_best_of_64,21448.128815954915,0.8257166429998506
84,test_084_ood_budget_reallocation,ood_budget_reallocation,25,B_frozen_static_greedy,14235.152959870848,0.04012444699992557
84,test_084_ood_budget_reallocation,ood_budget_reallocation,25,D_frozen_static_best_of_64,14235.152959870848,1.3111058139998022
84,test_084_ood_budget_reallocation,ood_budget_reallocation,25,C_rich_generalist_e2e_best_of_64,16489.873204890086,0.7236644760000672
85,test_085_ood_rank_flip,ood_rank_flip,9,B_frozen_static_greedy,11153.274922793724,0.10370243799980017
85,test_085_ood_rank_flip,ood_rank_flip,9,D_frozen_static_best_of_64,11236.228052547613,1.6452459180000005
85,test_085_ood_rank_flip,ood_rank_flip,9,C_rich_generalist_e2e_best_of_64,15199.604745060065,1.0838314109996645
86,test_086_ood_extreme_single_boost,ood_extreme_single_boost,21,B_frozen_static_greedy,15476.166500000003,0.056536778999998205
86,test_086_ood_extreme_single_boost,ood_extreme_single_boost,21,D_frozen_static_best_of_64,15476.166500000003,1.412581379999665
86,test_086_ood_extreme_single_boost,ood_extreme_single_boost,21,C_rich_generalist_e2e_best_of_64,16562.194288676896,0.8118360349999421
87,test_087_ood_top_reward_collapse,ood_top_reward_collapse,22,B_frozen_static_greedy,10945.10585685277,0.051579999000296084
87,test_087_ood_top_reward_collapse,ood_top_reward_collapse,22,D_frozen_static_best_of_64,10945.10585685277,1.4175616369998352
87,test_087_ood_top_reward_collapse,ood_top_reward_collapse,22,C_rich_generalist_e2e_best_of_64,12200.528750000001,0.8634281080003348
88,test_088_ood_high_cost_boost,ood_high_cost_boost,25,B_frozen_static_greedy,21817.29280107694,0.03910532499958208
88,test_088_ood_high_cost_boost,ood_high_cost_boost,25,D_frozen_static_best_of_64,21817.29280107694,1.3095778669999163
88,test_088_ood_high_cost_boost,ood_high_cost_boost,25,C_rich_generalist_e2e_best_of_64,21684.344284215716,0.7367101949998869
89,test_089_ood_budget_reallocation,ood_budget_reallocation,15,B_frozen_static_greedy,15258.71761451387,0.08163814599993202
89,test_089_ood_budget_reallocation,ood_budget_reallocation,15,D_frozen_static_best_of_64,15457.394314067875,1.5751797930001885
89,test_089_ood_budget_reallocation,ood_budget_reallocation,15,C_rich_generalist_e2e_best_of_64,17083.985830059748,0.9867210200000045
90,test_090_ood_rank_flip,ood_rank_flip,9,B_frozen_static_greedy,9763.188353566427,0.10274825799979226
90,test_090_ood_rank_flip,ood_rank_flip,9,D_frozen_static_best_of_64,10013.469348368322,1.64621231000001
90,test_090_ood_rank_flip,ood_rank_flip,9,C_rich_generalist_e2e_best_of_64,17198.08405162411,1.1000387599997339
91,test_091_ood_extreme_single_boost,ood_extreme_single_boost,10,B_frozen_static_greedy,15476.166500000003,0.09688680799990834
91,test_091_ood_extreme_single_boost,ood_extreme_single_boost,10,D_frozen_static_best_of_64,15483.1185,1.6320237139998426
91,test_091_ood_extreme_single_boost,ood_extreme_single_boost,10,C_rich_generalist_e2e_best_of_64,15963.204477694377,1.0965873780000948
92,test_092_ood_top_reward_collapse,ood_top_reward_collapse,12,B_frozen_static_greedy,10685.518711245295,0.09203719400011323
92,test_092_ood_top_reward_collapse,ood_top_reward_collapse,12,D_frozen_static_best_of_64,10790.40129660386,1.566455562000101
92,test_092_ood_top_reward_collapse,ood_top_reward_collapse,12,C_rich_generalist_e2e_best_of_64,11846.555250000003,1.010379723999904
93,test_093_ood_high_cost_boost,ood_high_cost_boost,24,B_frozen_static_greedy,20626.038015091344,0.04231288100027086
93,test_093_ood_high_cost_boost,ood_high_cost_boost,24,D_frozen_static_best_of_64,20626.038015091344,1.3314660010000807
93,test_093_ood_high_cost_boost,ood_high_cost_boost,24,C_rich_generalist_e2e_best_of_64,19249.04623226145,0.7491803799998706
94,test_094_ood_budget_reallocation,ood_budget_reallocation,23,B_frozen_static_greedy,14649.017971122827,0.04781542000000627
94,test_094_ood_budget_reallocation,ood_budget_reallocation,23,D_frozen_static_best_of_64,14649.017971122827,1.4018811430000824
94,test_094_ood_budget_reallocation,ood_budget_reallocation,23,C_rich_generalist_e2e_best_of_64,16205.998585318,0.7612387460003447
95,test_095_ood_rank_flip,ood_rank_flip,13,B_frozen_static_greedy,12330.11911864499,0.08780058299998927
95,test_095_ood_rank_flip,ood_rank_flip,13,D_frozen_static_best_of_64,12399.60763935528,1.6049592419999499
95,test_095_ood_rank_flip,ood_rank_flip,13,C_rich_generalist_e2e_best_of_64,17359.56853423731,1.0093208989997038
96,test_096_ood_extreme_single_boost,ood_extreme_single_boost,10,B_frozen_static_greedy,15476.166500000003,0.10083858999996664
96,test_096_ood_extreme_single_boost,ood_extreme_single_boost,10,D_frozen_static_best_of_64,15483.1185,1.6169626589999098
96,test_096_ood_extreme_single_boost,ood_extreme_single_boost,10,C_rich_generalist_e2e_best_of_64,17021.2319111559,1.0724199760002193
97,test_097_ood_top_reward_collapse,ood_top_reward_collapse,14,B_frozen_static_greedy,10220.746730381814,0.08248603999982151
97,test_097_ood_top_reward_collapse,ood_top_reward_collapse,14,D_frozen_static_best_of_64,10362.660616190331,1.5534993080000277
97,test_097_ood_top_reward_collapse,ood_top_reward_collapse,14,C_rich_generalist_e2e_best_of_64,11768.833500000004,0.9643632289999005
98,test_098_ood_high_cost_boost,ood_high_cost_boost,12,B_frozen_static_greedy,18485.25435670248,0.10156381900014821
98,test_098_ood_high_cost_boost,ood_high_cost_boost,12,D_frozen_static_best_of_64,18668.38007537996,1.624180007999712
98,test_098_ood_high_cost_boost,ood_high_cost_boost,12,C_rich_generalist_e2e_best_of_64,18972.547396265432,1.0888311100002284
99,test_099_ood_budget_reallocation,ood_budget_reallocation,20,B_frozen_static_greedy,14516.227886149907,0.06513035900024988
99,test_099_ood_budget_reallocation,ood_budget_reallocation,20,D_frozen_static_best_of_64,14516.227886149907,1.4462650069999654
99,test_099_ood_budget_reallocation,ood_budget_reallocation,20,C_rich_generalist_e2e_best_of_64,16963.884901083034,0.9205307639999774
